{
    "name": "app-developer",
    "data": [
      {
        "option_id": 514,
        "option_name": "_options_blog_categories",
        "option_value": "field_5b81b6d930cb9",
        "autoload": "no"
      },
      {
        "option_id": 516,
        "option_name": "_options_blog_excerpt",
        "option_value": "field_5b81b7ca30cba",
        "autoload": "no"
      },
      {
        "option_id": 512,
        "option_name": "_options_blog_featured_img",
        "option_value": "field_5b81b84430cbb",
        "autoload": "no"
      },
      {
        "option_id": 1017,
        "option_name": "_options_blog_grid_gradient",
        "option_value": "field_65ca7b8a0b989",
        "autoload": "no"
      },
      {
        "option_id": 1019,
        "option_name": "_options_blog_grid_skin",
        "option_value": "field_65ca7cfe0b98a",
        "autoload": "no"
      },
      {
        "option_id": 522,
        "option_name": "_options_blog_post_subtitle",
        "option_value": "field_5beb2c5cda438",
        "autoload": "no"
      },
      {
        "option_id": 625,
        "option_name": "_options_blog_related",
        "option_value": "field_640b3ca9da52e",
        "autoload": "no"
      },
      {
        "option_id": 520,
        "option_name": "_options_blog_subtitle",
        "option_value": "field_5b81b67430cb8",
        "autoload": "no"
      },
      {
        "option_id": 577,
        "option_name": "_options_cart_disable",
        "option_value": "field_63f628564fb79",
        "autoload": "no"
      },
      {
        "option_id": 528,
        "option_name": "_options_custom_css",
        "option_value": "field_5b75d8a199a5b",
        "autoload": "no"
      },
      {
        "option_id": 530,
        "option_name": "_options_custom_js",
        "option_value": "field_5b75d8b999a5c",
        "autoload": "no"
      },
      {
        "option_id": 524,
        "option_name": "_options_disable_api",
        "option_value": "field_5daa2f6aa80b9",
        "autoload": "no"
      },
      {
        "option_id": 478,
        "option_name": "_options_fa_version",
        "option_value": "field_61b8f0f4e054f",
        "autoload": "no"
      },
      {
        "option_id": 629,
        "option_name": "_options_footer_bgcolor",
        "option_value": "field_63fcbf7630500",
        "autoload": "no"
      },
      {
        "option_id": 627,
        "option_name": "_options_footer_content",
        "option_value": "field_63fcbf38304ff",
        "autoload": "no"
      },
      {
        "option_id": 1069,
        "option_name": "_options_hamburger_enabled",
        "option_value": "field_65ccedd51cd2f",
        "autoload": "no"
      },
      {
        "option_id": 484,
        "option_name": "_options_heading_color",
        "option_value": "field_5b68d5d8665da",
        "autoload": "no"
      },
      {
        "option_id": 607,
        "option_name": "_options_heading_color_dark",
        "option_value": "field_640f43c06f019",
        "autoload": "no"
      },
      {
        "option_id": 488,
        "option_name": "_options_heading_font_family",
        "option_value": "field_5b68cfc4906fc",
        "autoload": "no"
      },
      {
        "option_id": 615,
        "option_name": "_options_heading_font_line",
        "option_value": "field_63fa49a30773f",
        "autoload": "no"
      },
      {
        "option_id": 492,
        "option_name": "_options_heading_font_size",
        "option_value": "field_5b68d2bdef00b",
        "autoload": "no"
      },
      {
        "option_id": 494,
        "option_name": "_options_heading_font_weight",
        "option_value": "field_62cf024555970",
        "autoload": "no"
      },
      {
        "option_id": 609,
        "option_name": "_options_heading_let_color",
        "option_value": "field_63fcaf959e2f4",
        "autoload": "no"
      },
      {
        "option_id": 611,
        "option_name": "_options_heading_let_color_dark",
        "option_value": "field_640f43d36f01b",
        "autoload": "no"
      },
      {
        "option_id": 476,
        "option_name": "_options_icons_type",
        "option_value": "field_62c68ce508bf1",
        "autoload": "no"
      },
      {
        "option_id": 472,
        "option_name": "_options_layout_type",
        "option_value": "field_62c5d3f21dabc",
        "autoload": "no"
      },
      {
        "option_id": 623,
        "option_name": "_options_menu_icon_size",
        "option_value": "field_65a1bef4156b4",
        "autoload": "no"
      },
      {
        "option_id": 474,
        "option_name": "_options_menu_type",
        "option_value": "field_62c5ef95e5178",
        "autoload": "no"
      },
      {
        "option_id": 460,
        "option_name": "_options_mobile_vcard",
        "option_value": "field_5bec8b62d390d",
        "autoload": "no"
      },
      {
        "option_id": 426,
        "option_name": "_options_onepage",
        "option_value": "field_5bc9149ea45bf",
        "autoload": "no"
      },
      {
        "option_id": 526,
        "option_name": "_options_p404_content",
        "option_value": "field_5d0ea7aed4e7b",
        "autoload": "no"
      },
      {
        "option_id": 1033,
        "option_name": "_options_popup_btn_target",
        "option_value": "field_65cb90e34bab6",
        "autoload": "no"
      },
      {
        "option_id": 506,
        "option_name": "_options_popup_elementor",
        "option_value": "field_62c95d4e0b545",
        "autoload": "no"
      },
      {
        "option_id": 954,
        "option_name": "_options_portfolio_icons",
        "option_value": "field_65ca2843aa435",
        "autoload": "no"
      },
      {
        "option_id": 508,
        "option_name": "_options_portfolio_qv",
        "option_value": "field_5c9b5ace134ea",
        "autoload": "no"
      },
      {
        "option_id": 510,
        "option_name": "_options_portfolio_single",
        "option_value": "field_5bee34ca48ef0",
        "autoload": "no"
      },
      {
        "option_id": 534,
        "option_name": "_options_preloader_bgcolor",
        "option_value": "field_62c954da257f7",
        "autoload": "no"
      },
      {
        "option_id": 536,
        "option_name": "_options_preloader_hide",
        "option_value": "field_5daa11c0673ad",
        "autoload": "no"
      },
      {
        "option_id": 532,
        "option_name": "_options_preloader_type",
        "option_value": "field_5daa19a3673ae",
        "autoload": "no"
      },
      {
        "option_id": 458,
        "option_name": "_options_ryan_cursor",
        "option_value": "field_62c952ff2f02a",
        "autoload": "no"
      },
      {
        "option_id": 456,
        "option_name": "_options_sidebar_disable",
        "option_value": "field_5b74a0eb27c4c",
        "autoload": "no"
      },
      {
        "option_id": 422,
        "option_name": "_options_simple_vcard",
        "option_value": "field_5cb0c69578340",
        "autoload": "no"
      },
      {
        "option_id": 518,
        "option_name": "_options_social_share",
        "option_value": "field_5c9b53c33fe16",
        "autoload": "no"
      },
      {
        "option_id": 504,
        "option_name": "_options_social_size",
        "option_value": "field_62c6bf5a021df",
        "autoload": "no"
      },
      {
        "option_id": 424,
        "option_name": "_options_sticky_menu",
        "option_value": "field_5bc924b819f83",
        "autoload": "no"
      },
      {
        "option_id": 502,
        "option_name": "_options_subtitles_font_size",
        "option_value": "field_62c6bf13021de",
        "autoload": "no"
      },
      {
        "option_id": 621,
        "option_name": "_options_subtitles_font_weight",
        "option_value": "field_63fa43d7db8f9",
        "autoload": "no"
      },
      {
        "option_id": 579,
        "option_name": "_options_switcher_ui",
        "option_value": "field_63f628094fb78",
        "autoload": "no"
      },
      {
        "option_id": 486,
        "option_name": "_options_text_color",
        "option_value": "field_5b68d617665db",
        "autoload": "no"
      },
      {
        "option_id": 613,
        "option_name": "_options_text_color_dark",
        "option_value": "field_640f43cf6f01a",
        "autoload": "no"
      },
      {
        "option_id": 490,
        "option_name": "_options_text_font_family",
        "option_value": "field_5b68d188906fd",
        "autoload": "no"
      },
      {
        "option_id": 619,
        "option_name": "_options_text_font_line",
        "option_value": "field_63fa49de07740",
        "autoload": "no"
      },
      {
        "option_id": 496,
        "option_name": "_options_text_font_size",
        "option_value": "field_5b68d31eef00c",
        "autoload": "no"
      },
      {
        "option_id": 617,
        "option_name": "_options_text_font_weight",
        "option_value": "field_63fa436bdb8f8",
        "autoload": "no"
      },
      {
        "option_id": 482,
        "option_name": "_options_theme_animation",
        "option_value": "field_5beb571f79fae",
        "autoload": "no"
      },
      {
        "option_id": 408,
        "option_name": "_options_theme_bg",
        "option_value": "field_5beb5d2d9bb11",
        "autoload": "no"
      },
      {
        "option_id": 752,
        "option_name": "_options_theme_bg_abstract_bgcolor",
        "option_value": "field_65b2ac7b567ed",
        "autoload": "no"
      },
      {
        "option_id": 754,
        "option_name": "_options_theme_bg_abstract_bgcolor_d",
        "option_value": "field_65b2aca4567ee",
        "autoload": "no"
      },
      {
        "option_id": 750,
        "option_name": "_options_theme_bg_abstract_color",
        "option_value": "field_65b2ac49567ec",
        "autoload": "no"
      },
      {
        "option_id": 801,
        "option_name": "_options_theme_bg_abstract_three_bgcolor",
        "option_value": "field_65b6dcadc59ca",
        "autoload": "no"
      },
      {
        "option_id": 803,
        "option_name": "_options_theme_bg_abstract_three_bgcolor_d",
        "option_value": "field_65b6dcd1c59cb",
        "autoload": "no"
      },
      {
        "option_id": 799,
        "option_name": "_options_theme_bg_abstract_three_color",
        "option_value": "field_65b6dc95c59c9",
        "autoload": "no"
      },
      {
        "option_id": 821,
        "option_name": "_options_theme_bg_abstract_two_bgcolor",
        "option_value": "field_65b6dc68c59c8",
        "autoload": "no"
      },
      {
        "option_id": 819,
        "option_name": "_options_theme_bg_abstract_two_color",
        "option_value": "field_65b6dc65c59c7",
        "autoload": "no"
      },
      {
        "option_id": 556,
        "option_name": "_options_theme_bg_boxes_bgcolor",
        "option_value": "field_62c8ad9ed6bed",
        "autoload": "no"
      },
      {
        "option_id": 558,
        "option_name": "_options_theme_bg_boxes_color",
        "option_value": "field_62c8adc2d6bee",
        "autoload": "no"
      },
      {
        "option_id": 823,
        "option_name": "_options_theme_bg_color",
        "option_value": "field_5beb6bbf11c8b",
        "autoload": "no"
      },
      {
        "option_id": 825,
        "option_name": "_options_theme_bg_color_dark",
        "option_value": "field_62c80d27f9f88",
        "autoload": "no"
      },
      {
        "option_id": 446,
        "option_name": "_options_theme_bg_color1",
        "option_value": "field_5beb54b479fa9",
        "autoload": "no"
      },
      {
        "option_id": 560,
        "option_name": "_options_theme_bg_color1_d",
        "option_value": "field_62c82eb460680",
        "autoload": "no"
      },
      {
        "option_id": 448,
        "option_name": "_options_theme_bg_color2",
        "option_value": "field_5beb554079fab",
        "autoload": "no"
      },
      {
        "option_id": 562,
        "option_name": "_options_theme_bg_color2_d",
        "option_value": "field_62c830a260684",
        "autoload": "no"
      },
      {
        "option_id": 631,
        "option_name": "_options_theme_bg_cybergrid_color1",
        "option_value": "field_6481f89cf8b20",
        "autoload": "no"
      },
      {
        "option_id": 639,
        "option_name": "_options_theme_bg_cybergrid_color1_dark",
        "option_value": "field_6481f90cf8b21",
        "autoload": "no"
      },
      {
        "option_id": 633,
        "option_name": "_options_theme_bg_cybergrid_color2",
        "option_value": "field_6481f934f8b23",
        "autoload": "no"
      },
      {
        "option_id": 641,
        "option_name": "_options_theme_bg_cybergrid_color2_dark",
        "option_value": "field_6481f926f8b22",
        "autoload": "no"
      },
      {
        "option_id": 635,
        "option_name": "_options_theme_bg_cybergrid_color3",
        "option_value": "field_6482221a552bb",
        "autoload": "no"
      },
      {
        "option_id": 643,
        "option_name": "_options_theme_bg_cybergrid_color3_dark",
        "option_value": "field_6482222e552bc",
        "autoload": "no"
      },
      {
        "option_id": 637,
        "option_name": "_options_theme_bg_cybergrid_color4",
        "option_value": "field_648218eb29f35",
        "autoload": "no"
      },
      {
        "option_id": 645,
        "option_name": "_options_theme_bg_cybergrid_color4_dark",
        "option_value": "field_648218f029f36",
        "autoload": "no"
      },
      {
        "option_id": 647,
        "option_name": "_options_theme_bg_cybergrid_color5_dark",
        "option_value": "field_648221ae552b9",
        "autoload": "no"
      },
      {
        "option_id": 693,
        "option_name": "_options_theme_bg_digital_bgcolor",
        "option_value": "field_63ff803b14512",
        "autoload": "no"
      },
      {
        "option_id": 695,
        "option_name": "_options_theme_bg_digital_bgcolor_dark",
        "option_value": "field_648702f7259dd",
        "autoload": "no"
      },
      {
        "option_id": 697,
        "option_name": "_options_theme_bg_digital_color",
        "option_value": "field_64870328259df",
        "autoload": "no"
      },
      {
        "option_id": 480,
        "option_name": "_options_theme_bg_mono_color",
        "option_value": "field_62c842675a22a",
        "autoload": "no"
      },
      {
        "option_id": 599,
        "option_name": "_options_theme_bg_ocean_color",
        "option_value": "field_63fd378effddd",
        "autoload": "no"
      },
      {
        "option_id": 603,
        "option_name": "_options_theme_bg_ocean_color_dark",
        "option_value": "field_6486fe0eb8fed",
        "autoload": "no"
      },
      {
        "option_id": 601,
        "option_name": "_options_theme_bg_ocean_color2",
        "option_value": "field_63fd37acffdde",
        "autoload": "no"
      },
      {
        "option_id": 605,
        "option_name": "_options_theme_bg_ocean_color2_dark",
        "option_value": "field_6486fe10b8fee",
        "autoload": "no"
      },
      {
        "option_id": 538,
        "option_name": "_options_theme_bg_particles_bgcolor",
        "option_value": "field_62c893c56616e",
        "autoload": "no"
      },
      {
        "option_id": 540,
        "option_name": "_options_theme_bg_particles_color1",
        "option_value": "field_62c893ef6616f",
        "autoload": "no"
      },
      {
        "option_id": 542,
        "option_name": "_options_theme_bg_particles_color2",
        "option_value": "field_62c8941b66170",
        "autoload": "no"
      },
      {
        "option_id": 544,
        "option_name": "_options_theme_bg_particles_color3",
        "option_value": "field_62c8943b66171",
        "autoload": "no"
      },
      {
        "option_id": 546,
        "option_name": "_options_theme_bg_particles_color4",
        "option_value": "field_62c8944966172",
        "autoload": "no"
      },
      {
        "option_id": 548,
        "option_name": "_options_theme_bg_particles_color5",
        "option_value": "field_62c8945966173",
        "autoload": "no"
      },
      {
        "option_id": 699,
        "option_name": "_options_theme_bg_perspective_color1",
        "option_value": "field_62c886626f3ae",
        "autoload": "no"
      },
      {
        "option_id": 703,
        "option_name": "_options_theme_bg_perspective_color1_dark",
        "option_value": "field_6482fc944fc71",
        "autoload": "no"
      },
      {
        "option_id": 701,
        "option_name": "_options_theme_bg_perspective_color2",
        "option_value": "field_62c886806f3af",
        "autoload": "no"
      },
      {
        "option_id": 705,
        "option_name": "_options_theme_bg_perspective_color2_dark",
        "option_value": "field_6482fc914fc70",
        "autoload": "no"
      },
      {
        "option_id": 564,
        "option_name": "_options_theme_bg_snake_bg_color",
        "option_value": "field_62c842675a22a",
        "autoload": "no"
      },
      {
        "option_id": 566,
        "option_name": "_options_theme_bg_snake_line_color",
        "option_value": "field_62d322ca8140e",
        "autoload": "no"
      },
      {
        "option_id": 552,
        "option_name": "_options_theme_bg_spiral_bgcolor",
        "option_value": "field_62c8a792f7ad2",
        "autoload": "no"
      },
      {
        "option_id": 554,
        "option_name": "_options_theme_bg_spiral_color",
        "option_value": "field_62c8a7b4f7ad3",
        "autoload": "no"
      },
      {
        "option_id": 406,
        "option_name": "_options_theme_bg_type",
        "option_value": "field_5beb53bf79fa8",
        "autoload": "no"
      },
      {
        "option_id": 450,
        "option_name": "_options_theme_color",
        "option_value": "field_5b68d509665d9",
        "autoload": "no"
      },
      {
        "option_id": 591,
        "option_name": "_options_theme_container_height",
        "option_value": "field_65958bb54e41c",
        "autoload": "no"
      },
      {
        "option_id": 589,
        "option_name": "_options_theme_container_width",
        "option_value": "field_65281a1032732",
        "autoload": "no"
      },
      {
        "option_id": 454,
        "option_name": "_options_theme_style",
        "option_value": "field_5bf6a3372280a",
        "autoload": "no"
      },
      {
        "option_id": 595,
        "option_name": "_options_theme_type",
        "option_value": "field_647f7531afa86",
        "autoload": "no"
      },
      {
        "option_id": 593,
        "option_name": "_options_theme_type_size",
        "option_value": "field_64885d89ff28f",
        "autoload": "no"
      },
      {
        "option_id": 452,
        "option_name": "_options_theme_ui",
        "option_value": "field_5bf64250c9820",
        "autoload": "no"
      },
      {
        "option_id": 470,
        "option_name": "_options_theme_ui_dark",
        "option_value": "field_62c81635a38a6",
        "autoload": "no"
      },
      {
        "option_id": 597,
        "option_name": "_options_theme_ui_light",
        "option_value": "field_62c81607a38a5",
        "autoload": "no"
      },
      {
        "option_id": 498,
        "option_name": "_options_title_font_size",
        "option_value": "field_62c6be9f021dd",
        "autoload": "no"
      },
      {
        "option_id": 500,
        "option_name": "_options_title_font_weight",
        "option_value": "field_62cf02205596f",
        "autoload": "no"
      },
      {
        "option_id": 581,
        "option_name": "_options_titles_circles",
        "option_value": "field_63ffb9908ee0a",
        "autoload": "no"
      },
      {
        "option_id": 428,
        "option_name": "_options_vcard_bg",
        "option_value": "field_5bb0d92348dd3",
        "autoload": "no"
      },
      {
        "option_id": 840,
        "option_name": "_options_vcard_bg_blur",
        "option_value": "field_65b99fb299da2",
        "autoload": "no"
      },
      {
        "option_id": 466,
        "option_name": "_options_vcard_bg_images",
        "option_value": "field_62c800d414db3",
        "autoload": "no"
      },
      {
        "option_id": 464,
        "option_name": "_options_vcard_bg_type",
        "option_value": "field_5e91db8845899",
        "autoload": "no"
      },
      {
        "option_id": 550,
        "option_name": "_options_vcard_bg_video",
        "option_value": "field_5e91db7645898",
        "autoload": "no"
      },
      {
        "option_id": 432,
        "option_name": "_options_vcard_bts",
        "option_value": "field_5bb0ebd1519a0",
        "autoload": "no"
      },
      {
        "option_id": 436,
        "option_name": "_options_vcard_bts_0_icon",
        "option_value": "field_5bb10b833eace",
        "autoload": "no"
      },
      {
        "option_id": 434,
        "option_name": "_options_vcard_bts_0_text",
        "option_value": "field_5bb10b753eacd",
        "autoload": "no"
      },
      {
        "option_id": 438,
        "option_name": "_options_vcard_bts_0_url",
        "option_value": "field_5bb10b923eacf",
        "autoload": "no"
      },
      {
        "option_id": 442,
        "option_name": "_options_vcard_bts_1_icon",
        "option_value": "field_5bb10b833eace",
        "autoload": "no"
      },
      {
        "option_id": 440,
        "option_name": "_options_vcard_bts_1_text",
        "option_value": "field_5bb10b753eacd",
        "autoload": "no"
      },
      {
        "option_id": 444,
        "option_name": "_options_vcard_bts_1_url",
        "option_value": "field_5bb10b923eacf",
        "autoload": "no"
      },
      {
        "option_id": 587,
        "option_name": "_options_vcard_bts_glitch",
        "option_value": "field_647f6ca63cc10",
        "autoload": "no"
      },
      {
        "option_id": 468,
        "option_name": "_options_vcard_bts_style",
        "option_value": "field_62c69117d46e0",
        "autoload": "no"
      },
      {
        "option_id": 462,
        "option_name": "_options_vcard_img_layout",
        "option_value": "field_62c5bfc693f1b",
        "autoload": "no"
      },
      {
        "option_id": 583,
        "option_name": "_options_vcard_layout",
        "option_value": "field_647f64b5c41e9",
        "autoload": "no"
      },
      {
        "option_id": 430,
        "option_name": "_options_vcard_photo",
        "option_value": "field_5bb0de38020c0",
        "autoload": "no"
      },
      {
        "option_id": 568,
        "option_name": "_options_vcard_photo_radius",
        "option_value": "field_62d335511f38b",
        "autoload": "no"
      },
      {
        "option_id": 1029,
        "option_name": "_options_vcard_photo_size",
        "option_value": "field_65cb6addaa284",
        "autoload": "no"
      },
      {
        "option_id": 400,
        "option_name": "_options_vcard_social",
        "option_value": "field_5bb0de8264445",
        "autoload": "no"
      },
      {
        "option_id": 380,
        "option_name": "_options_vcard_social_0_icon",
        "option_value": "field_5bb0de9a64446",
        "autoload": "no"
      },
      {
        "option_id": 382,
        "option_name": "_options_vcard_social_0_url",
        "option_value": "field_5bb0dec864447",
        "autoload": "no"
      },
      {
        "option_id": 384,
        "option_name": "_options_vcard_social_1_icon",
        "option_value": "field_5bb0de9a64446",
        "autoload": "no"
      },
      {
        "option_id": 386,
        "option_name": "_options_vcard_social_1_url",
        "option_value": "field_5bb0dec864447",
        "autoload": "no"
      },
      {
        "option_id": 388,
        "option_name": "_options_vcard_social_2_icon",
        "option_value": "field_5bb0de9a64446",
        "autoload": "no"
      },
      {
        "option_id": 390,
        "option_name": "_options_vcard_social_2_url",
        "option_value": "field_5bb0dec864447",
        "autoload": "no"
      },
      {
        "option_id": 392,
        "option_name": "_options_vcard_social_3_icon",
        "option_value": "field_5bb0de9a64446",
        "autoload": "no"
      },
      {
        "option_id": 394,
        "option_name": "_options_vcard_social_3_url",
        "option_value": "field_5bb0dec864447",
        "autoload": "no"
      },
      {
        "option_id": 396,
        "option_name": "_options_vcard_social_4_icon",
        "option_value": "field_5bb0de9a64446",
        "autoload": "no"
      },
      {
        "option_id": 398,
        "option_name": "_options_vcard_social_4_url",
        "option_value": "field_5bb0dec864447",
        "autoload": "no"
      },
      {
        "option_id": 404,
        "option_name": "_options_vcard_subtitle",
        "option_value": "field_5bb0de7364444",
        "autoload": "no"
      },
      {
        "option_id": 727,
        "option_name": "_options_vcard_subtitle_cursor",
        "option_value": "field_65afe55e2b63d",
        "autoload": "no"
      },
      {
        "option_id": 585,
        "option_name": "_options_vcard_subtitle_glitch",
        "option_value": "field_647f6c483cc0f",
        "autoload": "no"
      },
      {
        "option_id": 410,
        "option_name": "_options_vcard_subtitle_type",
        "option_value": "field_5bf25dce1fc31",
        "autoload": "no"
      },
      {
        "option_id": 420,
        "option_name": "_options_vcard_subtitles",
        "option_value": "field_5bf25e291fc33",
        "autoload": "no"
      },
      {
        "option_id": 412,
        "option_name": "_options_vcard_subtitles_0_text",
        "option_value": "field_5bf25e451fc34",
        "autoload": "no"
      },
      {
        "option_id": 414,
        "option_name": "_options_vcard_subtitles_1_text",
        "option_value": "field_5bf25e451fc34",
        "autoload": "no"
      },
      {
        "option_id": 416,
        "option_name": "_options_vcard_subtitles_2_text",
        "option_value": "field_5bf25e451fc34",
        "autoload": "no"
      },
      {
        "option_id": 418,
        "option_name": "_options_vcard_subtitles_3_text",
        "option_value": "field_5bf25e451fc34",
        "autoload": "no"
      },
      {
        "option_id": 402,
        "option_name": "_options_vcard_title",
        "option_value": "field_5bb0de5464443",
        "autoload": "no"
      },
      {
        "option_id": 513,
        "option_name": "options_blog_categories",
        "option_value": 0,
        "autoload": "no"
      },
      {
        "option_id": 515,
        "option_name": "options_blog_excerpt",
        "option_value": 0,
        "autoload": "no"
      },
      {
        "option_id": 511,
        "option_name": "options_blog_featured_img",
        "option_value": 0,
        "autoload": "no"
      },
      {
        "option_id": 1016,
        "option_name": "options_blog_grid_gradient",
        "option_value": 1,
        "autoload": "no"
      },
      {
        "option_id": 1018,
        "option_name": "options_blog_grid_skin",
        "option_value": 1,
        "autoload": "no"
      },
      {
        "option_id": 521,
        "option_name": "options_blog_post_subtitle",
        "option_value": "Blog Post",
        "autoload": "no"
      },
      {
        "option_id": 624,
        "option_name": "options_blog_related",
        "option_value": 0,
        "autoload": "no"
      },
      {
        "option_id": 519,
        "option_name": "options_blog_subtitle",
        "option_value": "Latest Posts",
        "autoload": "no"
      },
      {
        "option_id": 576,
        "option_name": "options_cart_disable",
        "option_value": 1,
        "autoload": "no"
      },
      {
        "option_id": 527,
        "option_name": "options_custom_css",
        "option_value": "",
        "autoload": "no"
      },
      {
        "option_id": 529,
        "option_name": "options_custom_js",
        "option_value": "",
        "autoload": "no"
      },
      {
        "option_id": 523,
        "option_name": "options_disable_api",
        "option_value": 1,
        "autoload": "no"
      },
      {
        "option_id": 477,
        "option_name": "options_fa_version",
        "option_value": 1,
        "autoload": "no"
      },
      {
        "option_id": 628,
        "option_name": "options_footer_bgcolor",
        "option_value": "",
        "autoload": "no"
      },
      {
        "option_id": 626,
        "option_name": "options_footer_content",
        "option_value": "",
        "autoload": "no"
      },
      {
        "option_id": 1068,
        "option_name": "options_hamburger_enabled",
        "option_value": 1,
        "autoload": "no"
      },
      {
        "option_id": 483,
        "option_name": "options_heading_color",
        "option_value": "#222222",
        "autoload": "no"
      },
      {
        "option_id": 606,
        "option_name": "options_heading_color_dark",
        "option_value": "#fefefe",
        "autoload": "no"
      },
      {
        "option_id": 487,
        "option_name": "options_heading_font_family",
        "option_value": "Play",
        "autoload": "no"
      },
      {
        "option_id": 614,
        "option_name": "options_heading_font_line",
        "option_value": "",
        "autoload": "no"
      },
      {
        "option_id": 491,
        "option_name": "options_heading_font_size",
        "option_value": 21,
        "autoload": "no"
      },
      {
        "option_id": 493,
        "option_name": "options_heading_font_weight",
        "option_value": 700,
        "autoload": "no"
      },
      {
        "option_id": 608,
        "option_name": "options_heading_let_color",
        "option_value": "",
        "autoload": "no"
      },
      {
        "option_id": 610,
        "option_name": "options_heading_let_color_dark",
        "option_value": "",
        "autoload": "no"
      },
      {
        "option_id": 475,
        "option_name": "options_icons_type",
        "option_value": 0,
        "autoload": "no"
      },
      {
        "option_id": 471,
        "option_name": "options_layout_type",
        "option_value": 1,
        "autoload": "no"
      },
      {
        "option_id": 622,
        "option_name": "options_menu_icon_size",
        "option_value": 23,
        "autoload": "no"
      },
      {
        "option_id": 473,
        "option_name": "options_menu_type",
        "option_value": 2,
        "autoload": "no"
      },
      {
        "option_id": 459,
        "option_name": "options_mobile_vcard",
        "option_value": 0,
        "autoload": "no"
      },
      {
        "option_id": 425,
        "option_name": "options_onepage",
        "option_value": 1,
        "autoload": "no"
      },
      {
        "option_id": 525,
        "option_name": "options_p404_content",
        "option_value": "",
        "autoload": "no"
      },
      {
        "option_id": 1032,
        "option_name": "options_popup_btn_target",
        "option_value": 0,
        "autoload": "no"
      },
      {
        "option_id": 505,
        "option_name": "options_popup_elementor",
        "option_value": 0,
        "autoload": "no"
      },
      {
        "option_id": 953,
        "option_name": "options_portfolio_icons",
        "option_value": 1,
        "autoload": "no"
      },
      {
        "option_id": 507,
        "option_name": "options_portfolio_qv",
        "option_value": 0,
        "autoload": "no"
      },
      {
        "option_id": 509,
        "option_name": "options_portfolio_single",
        "option_value": 0,
        "autoload": "no"
      },
      {
        "option_id": 533,
        "option_name": "options_preloader_bgcolor",
        "option_value": "#12171b",
        "autoload": "no"
      },
      {
        "option_id": 535,
        "option_name": "options_preloader_hide",
        "option_value": 0,
        "autoload": "no"
      },
      {
        "option_id": 531,
        "option_name": "options_preloader_type",
        "option_value": "quantum-spinner",
        "autoload": "no"
      },
      {
        "option_id": 457,
        "option_name": "options_ryan_cursor",
        "option_value": 0,
        "autoload": "no"
      },
      {
        "option_id": 455,
        "option_name": "options_sidebar_disable",
        "option_value": 0,
        "autoload": "no"
      },
      {
        "option_id": 421,
        "option_name": "options_simple_vcard",
        "option_value": 0,
        "autoload": "no"
      },
      {
        "option_id": 517,
        "option_name": "options_social_share",
        "option_value": "a:5:{i:0;s:8:\"facebook\";i:1;s:7:\"twitter\";i:2;s:8:\"linkedin\";i:3;s:6:\"reddit\";i:4;s:9:\"pinterest\";}",
        "autoload": "no"
      },
      {
        "option_id": 503,
        "option_name": "options_social_size",
        "option_value": 21,
        "autoload": "no"
      },
      {
        "option_id": 423,
        "option_name": "options_sticky_menu",
        "option_value": 1,
        "autoload": "no"
      },
      {
        "option_id": 501,
        "option_name": "options_subtitles_font_size",
        "option_value": 21,
        "autoload": "no"
      },
      {
        "option_id": 620,
        "option_name": "options_subtitles_font_weight",
        "option_value": 700,
        "autoload": "no"
      },
      {
        "option_id": 578,
        "option_name": "options_switcher_ui",
        "option_value": 1,
        "autoload": "no"
      },
      {
        "option_id": 485,
        "option_name": "options_text_color",
        "option_value": "#444444",
        "autoload": "no"
      },
      {
        "option_id": 612,
        "option_name": "options_text_color_dark",
        "option_value": "#cecece",
        "autoload": "no"
      },
      {
        "option_id": 489,
        "option_name": "options_text_font_family",
        "option_value": "Play",
        "autoload": "no"
      },
      {
        "option_id": 618,
        "option_name": "options_text_font_line",
        "option_value": "",
        "autoload": "no"
      },
      {
        "option_id": 495,
        "option_name": "options_text_font_size",
        "option_value": 17,
        "autoload": "no"
      },
      {
        "option_id": 616,
        "option_name": "options_text_font_weight",
        "option_value": "",
        "autoload": "no"
      },
      {
        "option_id": 481,
        "option_name": "options_theme_animation",
        "option_value": 5,
        "autoload": "no"
      },
      {
        "option_id": 407,
        "option_name": "options_theme_bg",
        "option_value": "",
        "autoload": "no"
      },
      {
        "option_id": 751,
        "option_name": "options_theme_bg_abstract_bgcolor",
        "option_value": "#12171b",
        "autoload": "no"
      },
      {
        "option_id": 753,
        "option_name": "options_theme_bg_abstract_bgcolor_d",
        "option_value": "#12171b",
        "autoload": "no"
      },
      {
        "option_id": 749,
        "option_name": "options_theme_bg_abstract_color",
        "option_value": "#545454",
        "autoload": "no"
      },
      {
        "option_id": 800,
        "option_name": "options_theme_bg_abstract_three_bgcolor",
        "option_value": "#ffffff",
        "autoload": "no"
      },
      {
        "option_id": 802,
        "option_name": "options_theme_bg_abstract_three_bgcolor_d",
        "option_value": "#12171b",
        "autoload": "no"
      },
      {
        "option_id": 798,
        "option_name": "options_theme_bg_abstract_three_color",
        "option_value": "#848484",
        "autoload": "no"
      },
      {
        "option_id": 820,
        "option_name": "options_theme_bg_abstract_two_bgcolor",
        "option_value": "#12171b",
        "autoload": "no"
      },
      {
        "option_id": 818,
        "option_name": "options_theme_bg_abstract_two_color",
        "option_value": "#545454",
        "autoload": "no"
      },
      {
        "option_id": 555,
        "option_name": "options_theme_bg_boxes_bgcolor",
        "option_value": "#0b1115",
        "autoload": "no"
      },
      {
        "option_id": 557,
        "option_name": "options_theme_bg_boxes_color",
        "option_value": "#a4ff91",
        "autoload": "no"
      },
      {
        "option_id": 822,
        "option_name": "options_theme_bg_color",
        "option_value": "#a0cfb9",
        "autoload": "no"
      },
      {
        "option_id": 824,
        "option_name": "options_theme_bg_color_dark",
        "option_value": "#26262d",
        "autoload": "no"
      },
      {
        "option_id": 445,
        "option_name": "options_theme_bg_color1",
        "option_value": "#50a3a2",
        "autoload": "no"
      },
      {
        "option_id": 559,
        "option_name": "options_theme_bg_color1_d",
        "option_value": "#0b1115",
        "autoload": "no"
      },
      {
        "option_id": 447,
        "option_name": "options_theme_bg_color2",
        "option_value": "#78cc6d",
        "autoload": "no"
      },
      {
        "option_id": 561,
        "option_name": "options_theme_bg_color2_d",
        "option_value": "#1d252c",
        "autoload": "no"
      },
      {
        "option_id": 630,
        "option_name": "options_theme_bg_cybergrid_color1",
        "option_value": "#e0e9f5",
        "autoload": "no"
      },
      {
        "option_id": 638,
        "option_name": "options_theme_bg_cybergrid_color1_dark",
        "option_value": "#111112",
        "autoload": "no"
      },
      {
        "option_id": 632,
        "option_name": "options_theme_bg_cybergrid_color2",
        "option_value": "#FFFFFF",
        "autoload": "no"
      },
      {
        "option_id": 640,
        "option_name": "options_theme_bg_cybergrid_color2_dark",
        "option_value": "#2b2b2a",
        "autoload": "no"
      },
      {
        "option_id": 634,
        "option_name": "options_theme_bg_cybergrid_color3",
        "option_value": "#d8e2ef",
        "autoload": "no"
      },
      {
        "option_id": 642,
        "option_name": "options_theme_bg_cybergrid_color3_dark",
        "option_value": "#202124",
        "autoload": "no"
      },
      {
        "option_id": 636,
        "option_name": "options_theme_bg_cybergrid_color4",
        "option_value": "#92c3f4",
        "autoload": "no"
      },
      {
        "option_id": 644,
        "option_name": "options_theme_bg_cybergrid_color4_dark",
        "option_value": "#202123",
        "autoload": "no"
      },
      {
        "option_id": 646,
        "option_name": "options_theme_bg_cybergrid_color5_dark",
        "option_value": "#f2e900",
        "autoload": "no"
      },
      {
        "option_id": 692,
        "option_name": "options_theme_bg_digital_bgcolor",
        "option_value": "",
        "autoload": "no"
      },
      {
        "option_id": 694,
        "option_name": "options_theme_bg_digital_bgcolor_dark",
        "option_value": "",
        "autoload": "no"
      },
      {
        "option_id": 696,
        "option_name": "options_theme_bg_digital_color",
        "option_value": "",
        "autoload": "no"
      },
      {
        "option_id": 479,
        "option_name": "options_theme_bg_mono_color",
        "option_value": "#e8e8e8",
        "autoload": "no"
      },
      {
        "option_id": 598,
        "option_name": "options_theme_bg_ocean_color",
        "option_value": "#ffffff",
        "autoload": "no"
      },
      {
        "option_id": 602,
        "option_name": "options_theme_bg_ocean_color_dark",
        "option_value": "#2d3a45",
        "autoload": "no"
      },
      {
        "option_id": 600,
        "option_name": "options_theme_bg_ocean_color2",
        "option_value": "#00da00",
        "autoload": "no"
      },
      {
        "option_id": 604,
        "option_name": "options_theme_bg_ocean_color2_dark",
        "option_value": "#00da00",
        "autoload": "no"
      },
      {
        "option_id": 537,
        "option_name": "options_theme_bg_particles_bgcolor",
        "option_value": "#0b1115",
        "autoload": "no"
      },
      {
        "option_id": 539,
        "option_name": "options_theme_bg_particles_color1",
        "option_value": "#b068de",
        "autoload": "no"
      },
      {
        "option_id": 541,
        "option_name": "options_theme_bg_particles_color2",
        "option_value": "#ffffff",
        "autoload": "no"
      },
      {
        "option_id": 543,
        "option_name": "options_theme_bg_particles_color3",
        "option_value": "#179870",
        "autoload": "no"
      },
      {
        "option_id": 545,
        "option_name": "options_theme_bg_particles_color4",
        "option_value": "#449ff6",
        "autoload": "no"
      },
      {
        "option_id": 547,
        "option_name": "options_theme_bg_particles_color5",
        "option_value": "#ffb626",
        "autoload": "no"
      },
      {
        "option_id": 698,
        "option_name": "options_theme_bg_perspective_color1",
        "option_value": "#003073",
        "autoload": "no"
      },
      {
        "option_id": 702,
        "option_name": "options_theme_bg_perspective_color1_dark",
        "option_value": "",
        "autoload": "no"
      },
      {
        "option_id": 700,
        "option_name": "options_theme_bg_perspective_color2",
        "option_value": "#029797",
        "autoload": "no"
      },
      {
        "option_id": 704,
        "option_name": "options_theme_bg_perspective_color2_dark",
        "option_value": "",
        "autoload": "no"
      },
      {
        "option_id": 563,
        "option_name": "options_theme_bg_snake_bg_color",
        "option_value": "#0b1115",
        "autoload": "no"
      },
      {
        "option_id": 565,
        "option_name": "options_theme_bg_snake_line_color",
        "option_value": "#a4ff91",
        "autoload": "no"
      },
      {
        "option_id": 551,
        "option_name": "options_theme_bg_spiral_bgcolor",
        "option_value": "#0b1115",
        "autoload": "no"
      },
      {
        "option_id": 553,
        "option_name": "options_theme_bg_spiral_color",
        "option_value": "#a4ff91",
        "autoload": "no"
      },
      {
        "option_id": 405,
        "option_name": "options_theme_bg_type",
        "option_value": 22,
        "autoload": "no"
      },
      {
        "option_id": 449,
        "option_name": "options_theme_color",
        "option_value": "#4caf51",
        "autoload": "no"
      },
      {
        "option_id": 590,
        "option_name": "options_theme_container_height",
        "option_value": 740,
        "autoload": "no"
      },
      {
        "option_id": 588,
        "option_name": "options_theme_container_width",
        "option_value": 1360,
        "autoload": "no"
      },
      {
        "option_id": 453,
        "option_name": "options_theme_style",
        "option_value": 3,
        "autoload": "no"
      },
      {
        "option_id": 594,
        "option_name": "options_theme_type",
        "option_value": 1,
        "autoload": "no"
      },
      {
        "option_id": 592,
        "option_name": "options_theme_type_size",
        "option_value": 0,
        "autoload": "no"
      },
      {
        "option_id": 451,
        "option_name": "options_theme_ui",
        "option_value": 1,
        "autoload": "no"
      },
      {
        "option_id": 469,
        "option_name": "options_theme_ui_dark",
        "option_value": "#14181a",
        "autoload": "no"
      },
      {
        "option_id": 596,
        "option_name": "options_theme_ui_light",
        "option_value": "#FFFFFF",
        "autoload": "no"
      },
      {
        "option_id": 497,
        "option_name": "options_title_font_size",
        "option_value": 36,
        "autoload": "no"
      },
      {
        "option_id": 499,
        "option_name": "options_title_font_weight",
        "option_value": 700,
        "autoload": "no"
      },
      {
        "option_id": 580,
        "option_name": "options_titles_circles",
        "option_value": 0,
        "autoload": "no"
      },
      {
        "option_id": 427,
        "option_name": "options_vcard_bg",
        "option_value": 1086,
        "autoload": "no"
      },
      {
        "option_id": 839,
        "option_name": "options_vcard_bg_blur",
        "option_value": 1,
        "autoload": "no"
      },
      {
        "option_id": 465,
        "option_name": "options_vcard_bg_images",
        "option_value": "",
        "autoload": "no"
      },
      {
        "option_id": 463,
        "option_name": "options_vcard_bg_type",
        "option_value": 3,
        "autoload": "no"
      },
      {
        "option_id": 549,
        "option_name": "options_vcard_bg_video",
        "option_value": "",
        "autoload": "no"
      },
      {
        "option_id": 431,
        "option_name": "options_vcard_bts",
        "option_value": 2,
        "autoload": "no"
      },
      {
        "option_id": 435,
        "option_name": "options_vcard_bts_0_icon",
        "option_value": 322,
        "autoload": "no"
      },
      {
        "option_id": 433,
        "option_name": "options_vcard_bts_0_text",
        "option_value": "Download CV",
        "autoload": "no"
      },
      {
        "option_id": 437,
        "option_name": "options_vcard_bts_0_url",
        "option_value": "a:3:{s:5:\"title\";s:0:\"\";s:3:\"url\";s:89:\"https://ryancv.bslthemes.com/wp-content/uploads/2022/07/Dublin-Resume-Template-Modern.pdf\";s:6:\"target\";s:6:\"_blank\";}",
        "autoload": "no"
      },
      {
        "option_id": 441,
        "option_name": "options_vcard_bts_1_icon",
        "option_value": 498,
        "autoload": "no"
      },
      {
        "option_id": 439,
        "option_name": "options_vcard_bts_1_text",
        "option_value": "Contact Me",
        "autoload": "no"
      },
      {
        "option_id": 443,
        "option_name": "options_vcard_bts_1_url",
        "option_value": "a:3:{s:5:\"title\";s:0:\"\";s:3:\"url\";s:18:\"/system-2/#contact\";s:6:\"target\";s:0:\"\";}",
        "autoload": "no"
      },
      {
        "option_id": 586,
        "option_name": "options_vcard_bts_glitch",
        "option_value": 0,
        "autoload": "no"
      },
      {
        "option_id": 467,
        "option_name": "options_vcard_bts_style",
        "option_value": 0,
        "autoload": "no"
      },
      {
        "option_id": 461,
        "option_name": "options_vcard_img_layout",
        "option_value": 6,
        "autoload": "no"
      },
      {
        "option_id": 582,
        "option_name": "options_vcard_layout",
        "option_value": 1,
        "autoload": "no"
      },
      {
        "option_id": 429,
        "option_name": "options_vcard_photo",
        "option_value": "",
        "autoload": "no"
      },
      {
        "option_id": 567,
        "option_name": "options_vcard_photo_radius",
        "option_value": "",
        "autoload": "no"
      },
      {
        "option_id": 1028,
        "option_name": "options_vcard_photo_size",
        "option_value": "",
        "autoload": "no"
      },
      {
        "option_id": 399,
        "option_name": "options_vcard_social",
        "option_value": 5,
        "autoload": "no"
      },
      {
        "option_id": 379,
        "option_name": "options_vcard_social_0_icon",
        "option_value": "fab fa-linkedin",
        "autoload": "no"
      },
      {
        "option_id": 381,
        "option_name": "options_vcard_social_0_url",
        "option_value": "https://www.linkedin.com/",
        "autoload": "no"
      },
      {
        "option_id": 383,
        "option_name": "options_vcard_social_1_icon",
        "option_value": "fab fa-reddit-alien",
        "autoload": "no"
      },
      {
        "option_id": 385,
        "option_name": "options_vcard_social_1_url",
        "option_value": "https://reddit.com/",
        "autoload": "no"
      },
      {
        "option_id": 387,
        "option_name": "options_vcard_social_2_icon",
        "option_value": "fab fa-twitter",
        "autoload": "no"
      },
      {
        "option_id": 389,
        "option_name": "options_vcard_social_2_url",
        "option_value": "https://twitter.com/",
        "autoload": "no"
      },
      {
        "option_id": 391,
        "option_name": "options_vcard_social_3_icon",
        "option_value": "fab fa-stack-overflow",
        "autoload": "no"
      },
      {
        "option_id": 393,
        "option_name": "options_vcard_social_3_url",
        "option_value": "https://stackoverflow.com/",
        "autoload": "no"
      },
      {
        "option_id": 395,
        "option_name": "options_vcard_social_4_icon",
        "option_value": "fab fa-github",
        "autoload": "no"
      },
      {
        "option_id": 397,
        "option_name": "options_vcard_social_4_url",
        "option_value": "https://github.com/",
        "autoload": "no"
      },
      {
        "option_id": 403,
        "option_name": "options_vcard_subtitle",
        "option_value": "Web Designer",
        "autoload": "no"
      },
      {
        "option_id": 726,
        "option_name": "options_vcard_subtitle_cursor",
        "option_value": 1,
        "autoload": "no"
      },
      {
        "option_id": 584,
        "option_name": "options_vcard_subtitle_glitch",
        "option_value": 0,
        "autoload": "no"
      },
      {
        "option_id": 409,
        "option_name": "options_vcard_subtitle_type",
        "option_value": 2,
        "autoload": "no"
      },
      {
        "option_id": 419,
        "option_name": "options_vcard_subtitles",
        "option_value": 4,
        "autoload": "no"
      },
      {
        "option_id": 411,
        "option_name": "options_vcard_subtitles_0_text",
        "option_value": "Application Developer",
        "autoload": "no"
      },
      {
        "option_id": 413,
        "option_name": "options_vcard_subtitles_1_text",
        "option_value": "Software Developer",
        "autoload": "no"
      },
      {
        "option_id": 415,
        "option_name": "options_vcard_subtitles_2_text",
        "option_value": "Data Scientist",
        "autoload": "no"
      },
      {
        "option_id": 417,
        "option_name": "options_vcard_subtitles_3_text",
        "option_value": "Project Manager",
        "autoload": "no"
      },
      {
        "option_id": 401,
        "option_name": "options_vcard_title",
        "option_value": "Benjamin Ryan",
        "autoload": "no"
      }
    ]
}