{
  "name": "business",
  "data": [

{
    "option_id": "484",
    "option_name": "options_vcard_social_0_icon",
    "option_value": "fab fa-facebook-square",
    "autoload": "no"
},
{
    "option_id": "485",
    "option_name": "_options_vcard_social_0_icon",
    "option_value": "field_5bb0de9a64446",
    "autoload": "no"
},
{
    "option_id": "486",
    "option_name": "options_vcard_social_0_url",
    "option_value": "https:\/\/facebook.com\/",
    "autoload": "no"
},
{
    "option_id": "487",
    "option_name": "_options_vcard_social_0_url",
    "option_value": "field_5bb0dec864447",
    "autoload": "no"
},
{
    "option_id": "488",
    "option_name": "options_vcard_social_1_icon",
    "option_value": "fab fa-linkedin",
    "autoload": "no"
},
{
    "option_id": "489",
    "option_name": "_options_vcard_social_1_icon",
    "option_value": "field_5bb0de9a64446",
    "autoload": "no"
},
{
    "option_id": "490",
    "option_name": "options_vcard_social_1_url",
    "option_value": "https:\/\/linkedin.com\/",
    "autoload": "no"
},
{
    "option_id": "491",
    "option_name": "_options_vcard_social_1_url",
    "option_value": "field_5bb0dec864447",
    "autoload": "no"
},
{
    "option_id": "492",
    "option_name": "options_vcard_social_2_icon",
    "option_value": "fab fa-whatsapp-square",
    "autoload": "no"
},
{
    "option_id": "493",
    "option_name": "_options_vcard_social_2_icon",
    "option_value": "field_5bb0de9a64446",
    "autoload": "no"
},
{
    "option_id": "494",
    "option_name": "options_vcard_social_2_url",
    "option_value": "https:\/\/www.whatsapp.com\/",
    "autoload": "no"
},
{
    "option_id": "495",
    "option_name": "_options_vcard_social_2_url",
    "option_value": "field_5bb0dec864447",
    "autoload": "no"
},
{
    "option_id": "496",
    "option_name": "options_vcard_social_3_icon",
    "option_value": "fab fa-twitter",
    "autoload": "no"
},
{
    "option_id": "497",
    "option_name": "_options_vcard_social_3_icon",
    "option_value": "field_5bb0de9a64446",
    "autoload": "no"
},
{
    "option_id": "498",
    "option_name": "options_vcard_social_3_url",
    "option_value": "https:\/\/twitter.com\/",
    "autoload": "no"
},
{
    "option_id": "499",
    "option_name": "_options_vcard_social_3_url",
    "option_value": "field_5bb0dec864447",
    "autoload": "no"
},
{
    "option_id": "500",
    "option_name": "options_vcard_social_4_icon",
    "option_value": "fab fa-youtube",
    "autoload": "no"
},
{
    "option_id": "501",
    "option_name": "_options_vcard_social_4_icon",
    "option_value": "field_5bb0de9a64446",
    "autoload": "no"
},
{
    "option_id": "502",
    "option_name": "options_vcard_social_4_url",
    "option_value": "https:\/\/youtube.com\/",
    "autoload": "no"
},
{
    "option_id": "503",
    "option_name": "_options_vcard_social_4_url",
    "option_value": "field_5bb0dec864447",
    "autoload": "no"
},
{
    "option_id": "504",
    "option_name": "options_vcard_social",
    "option_value": "5",
    "autoload": "no"
},
{
    "option_id": "505",
    "option_name": "_options_vcard_social",
    "option_value": "field_5bb0de8264445",
    "autoload": "no"
},
{
    "option_id": "506",
    "option_name": "options_vcard_title",
    "option_value": "Harper Ryan",
    "autoload": "no"
},
{
    "option_id": "507",
    "option_name": "_options_vcard_title",
    "option_value": "field_5bb0de5464443",
    "autoload": "no"
},
{
    "option_id": "508",
    "option_name": "options_vcard_subtitle",
    "option_value": "Web Designer",
    "autoload": "no"
},
{
    "option_id": "509",
    "option_name": "_options_vcard_subtitle",
    "option_value": "field_5bb0de7364444",
    "autoload": "no"
},
{
    "option_id": "510",
    "option_name": "options_theme_bg_type",
    "option_value": "12",
    "autoload": "no"
},
{
    "option_id": "511",
    "option_name": "_options_theme_bg_type",
    "option_value": "field_5beb53bf79fa8",
    "autoload": "no"
},
{
    "option_id": "512",
    "option_name": "options_theme_bg",
    "option_value": "",
    "autoload": "no"
},
{
    "option_id": "513",
    "option_name": "_options_theme_bg",
    "option_value": "field_5beb5d2d9bb11",
    "autoload": "no"
},
{
    "option_id": "514",
    "option_name": "options_vcard_subtitle_type",
    "option_value": "2",
    "autoload": "no"
},
{
    "option_id": "515",
    "option_name": "_options_vcard_subtitle_type",
    "option_value": "field_5bf25dce1fc31",
    "autoload": "no"
},
{
    "option_id": "516",
    "option_name": "options_vcard_subtitles_0_text",
    "option_value": "Business Consultant",
    "autoload": "no"
},
{
    "option_id": "517",
    "option_name": "_options_vcard_subtitles_0_text",
    "option_value": "field_5bf25e451fc34",
    "autoload": "no"
},
{
    "option_id": "518",
    "option_name": "options_vcard_subtitles_1_text",
    "option_value": "IT Consultant",
    "autoload": "no"
},
{
    "option_id": "519",
    "option_name": "_options_vcard_subtitles_1_text",
    "option_value": "field_5bf25e451fc34",
    "autoload": "no"
},
{
    "option_id": "520",
    "option_name": "options_vcard_subtitles_2_text",
    "option_value": "Career Consultant",
    "autoload": "no"
},
{
    "option_id": "521",
    "option_name": "_options_vcard_subtitles_2_text",
    "option_value": "field_5bf25e451fc34",
    "autoload": "no"
},
{
    "option_id": "522",
    "option_name": "options_vcard_subtitles_3_text",
    "option_value": "Sales Consultant",
    "autoload": "no"
},
{
    "option_id": "523",
    "option_name": "_options_vcard_subtitles_3_text",
    "option_value": "field_5bf25e451fc34",
    "autoload": "no"
},
{
    "option_id": "524",
    "option_name": "options_vcard_subtitles",
    "option_value": "4",
    "autoload": "no"
},
{
    "option_id": "525",
    "option_name": "_options_vcard_subtitles",
    "option_value": "field_5bf25e291fc33",
    "autoload": "no"
},
{
    "option_id": "526",
    "option_name": "options_simple_vcard",
    "option_value": "0",
    "autoload": "no"
},
{
    "option_id": "527",
    "option_name": "_options_simple_vcard",
    "option_value": "field_5cb0c69578340",
    "autoload": "no"
},
{
    "option_id": "528",
    "option_name": "options_sticky_menu",
    "option_value": "1",
    "autoload": "no"
},
{
    "option_id": "529",
    "option_name": "_options_sticky_menu",
    "option_value": "field_5bc924b819f83",
    "autoload": "no"
},
{
    "option_id": "530",
    "option_name": "options_onepage",
    "option_value": "1",
    "autoload": "no"
},
{
    "option_id": "531",
    "option_name": "_options_onepage",
    "option_value": "field_5bc9149ea45bf",
    "autoload": "no"
},
{
    "option_id": "532",
    "option_name": "options_vcard_bg",
    "option_value": "419",
    "autoload": "no"
},
{
    "option_id": "533",
    "option_name": "_options_vcard_bg",
    "option_value": "field_5bb0d92348dd3",
    "autoload": "no"
},
{
    "option_id": "534",
    "option_name": "options_vcard_photo",
    "option_value": "",
    "autoload": "no"
},
{
    "option_id": "535",
    "option_name": "_options_vcard_photo",
    "option_value": "field_5bb0de38020c0",
    "autoload": "no"
},
{
    "option_id": "536",
    "option_name": "options_vcard_bts",
    "option_value": "2",
    "autoload": "no"
},
{
    "option_id": "537",
    "option_name": "_options_vcard_bts",
    "option_value": "field_5bb0ebd1519a0",
    "autoload": "no"
},
{
    "option_id": "538",
    "option_name": "options_vcard_bts_0_text",
    "option_value": "Download CV",
    "autoload": "no"
},
{
    "option_id": "539",
    "option_name": "_options_vcard_bts_0_text",
    "option_value": "field_5bb10b753eacd",
    "autoload": "no"
},
{
    "option_id": "540",
    "option_name": "options_vcard_bts_0_icon",
    "option_value": "344",
    "autoload": "no"
},
{
    "option_id": "541",
    "option_name": "_options_vcard_bts_0_icon",
    "option_value": "field_5bb10b833eace",
    "autoload": "no"
},
{
    "option_id": "542",
    "option_name": "options_vcard_bts_0_url",
    "option_value": "a:3:{s:5:\"title\";s:0:\"\";s:3:\"url\";s:103:\"https:\/\/bslthemes.com\/ryancv\/business-demo\/wp-content\/uploads\/2022\/07\/Dublin-Resume-Template-Modern.pdf\";s:6:\"target\";s:6:\"_blank\";}",
    "autoload": "no"
},
{
    "option_id": "543",
    "option_name": "_options_vcard_bts_0_url",
    "option_value": "field_5bb10b923eacf",
    "autoload": "no"
},
{
    "option_id": "544",
    "option_name": "options_vcard_bts_1_text",
    "option_value": "Contact Me",
    "autoload": "no"
},
{
    "option_id": "545",
    "option_name": "_options_vcard_bts_1_text",
    "option_value": "field_5bb10b753eacd",
    "autoload": "no"
},
{
    "option_id": "546",
    "option_name": "options_vcard_bts_1_icon",
    "option_value": "497",
    "autoload": "no"
},
{
    "option_id": "547",
    "option_name": "_options_vcard_bts_1_icon",
    "option_value": "field_5bb10b833eace",
    "autoload": "no"
},
{
    "option_id": "548",
    "option_name": "options_vcard_bts_1_url",
    "option_value": "a:3:{s:5:\"title\";s:0:\"\";s:3:\"url\";s:30:\"\/ryancv\/business-demo\/#contact\";s:6:\"target\";s:0:\"\";}",
    "autoload": "no"
},
{
    "option_id": "549",
    "option_name": "_options_vcard_bts_1_url",
    "option_value": "field_5bb10b923eacf",
    "autoload": "no"
},
{
    "option_id": "550",
    "option_name": "options_theme_bg_color1",
    "option_value": "#50a3a2",
    "autoload": "no"
},
{
    "option_id": "551",
    "option_name": "_options_theme_bg_color1",
    "option_value": "field_5beb54b479fa9",
    "autoload": "no"
},
{
    "option_id": "552",
    "option_name": "options_theme_bg_color2",
    "option_value": "#78cc6d",
    "autoload": "no"
},
{
    "option_id": "553",
    "option_name": "_options_theme_bg_color2",
    "option_value": "field_5beb554079fab",
    "autoload": "no"
},
{
    "option_id": "554",
    "option_name": "options_theme_color",
    "option_value": "#143aaa",
    "autoload": "no"
},
{
    "option_id": "555",
    "option_name": "_options_theme_color",
    "option_value": "field_5b68d509665d9",
    "autoload": "no"
},
{
    "option_id": "556",
    "option_name": "options_theme_ui",
    "option_value": "0",
    "autoload": "no"
},
{
    "option_id": "557",
    "option_name": "_options_theme_ui",
    "option_value": "field_5bf64250c9820",
    "autoload": "no"
},
{
    "option_id": "558",
    "option_name": "options_theme_style",
    "option_value": "0",
    "autoload": "no"
},
{
    "option_id": "559",
    "option_name": "_options_theme_style",
    "option_value": "field_5bf6a3372280a",
    "autoload": "no"
},
{
    "option_id": "560",
    "option_name": "options_sidebar_disable",
    "option_value": "0",
    "autoload": "no"
},
{
    "option_id": "561",
    "option_name": "_options_sidebar_disable",
    "option_value": "field_5b74a0eb27c4c",
    "autoload": "no"
},
{
    "option_id": "562",
    "option_name": "options_fa_version",
    "option_value": "1",
    "autoload": "no"
},
{
    "option_id": "563",
    "option_name": "_options_fa_version",
    "option_value": "field_61b8f0f4e054f",
    "autoload": "no"
},
{
    "option_id": "607",
    "option_name": "options_ryan_cursor",
    "option_value": "0",
    "autoload": "no"
},
{
    "option_id": "608",
    "option_name": "_options_ryan_cursor",
    "option_value": "field_62c952ff2f02a",
    "autoload": "no"
},
{
    "option_id": "609",
    "option_name": "options_mobile_vcard",
    "option_value": "0",
    "autoload": "no"
},
{
    "option_id": "610",
    "option_name": "_options_mobile_vcard",
    "option_value": "field_5bec8b62d390d",
    "autoload": "no"
},
{
    "option_id": "611",
    "option_name": "options_vcard_img_layout",
    "option_value": "0",
    "autoload": "no"
},
{
    "option_id": "612",
    "option_name": "_options_vcard_img_layout",
    "option_value": "field_62c5bfc693f1b",
    "autoload": "no"
},
{
    "option_id": "613",
    "option_name": "options_vcard_bg_type",
    "option_value": "0",
    "autoload": "no"
},
{
    "option_id": "614",
    "option_name": "_options_vcard_bg_type",
    "option_value": "field_5e91db8845899",
    "autoload": "no"
},
{
    "option_id": "615",
    "option_name": "options_vcard_bg_images",
    "option_value": "",
    "autoload": "no"
},
{
    "option_id": "616",
    "option_name": "_options_vcard_bg_images",
    "option_value": "field_62c800d414db3",
    "autoload": "no"
},
{
    "option_id": "617",
    "option_name": "options_vcard_bts_style",
    "option_value": "0",
    "autoload": "no"
},
{
    "option_id": "618",
    "option_name": "_options_vcard_bts_style",
    "option_value": "field_62c69117d46e0",
    "autoload": "no"
},
{
    "option_id": "619",
    "option_name": "options_theme_ui_light",
    "option_value": "#f8f6f2",
    "autoload": "no"
},
{
    "option_id": "620",
    "option_name": "_options_theme_ui_light",
    "option_value": "field_62c81607a38a5",
    "autoload": "no"
},
{
    "option_id": "621",
    "option_name": "options_layout_type",
    "option_value": "2",
    "autoload": "no"
},
{
    "option_id": "622",
    "option_name": "_options_layout_type",
    "option_value": "field_62c5d3f21dabc",
    "autoload": "no"
},
{
    "option_id": "623",
    "option_name": "options_menu_type",
    "option_value": "1",
    "autoload": "no"
},
{
    "option_id": "624",
    "option_name": "_options_menu_type",
    "option_value": "field_62c5ef95e5178",
    "autoload": "no"
},
{
    "option_id": "625",
    "option_name": "options_icons_type",
    "option_value": "0",
    "autoload": "no"
},
{
    "option_id": "626",
    "option_name": "_options_icons_type",
    "option_value": "field_62c68ce508bf1",
    "autoload": "no"
},
{
    "option_id": "627",
    "option_name": "options_theme_animation",
    "option_value": "1",
    "autoload": "no"
},
{
    "option_id": "628",
    "option_name": "_options_theme_animation",
    "option_value": "field_5beb571f79fae",
    "autoload": "no"
},
{
    "option_id": "629",
    "option_name": "options_heading_color",
    "option_value": "",
    "autoload": "no"
},
{
    "option_id": "630",
    "option_name": "_options_heading_color",
    "option_value": "field_5b68d5d8665da",
    "autoload": "no"
},
{
    "option_id": "631",
    "option_name": "options_text_color",
    "option_value": "",
    "autoload": "no"
},
{
    "option_id": "632",
    "option_name": "_options_text_color",
    "option_value": "field_5b68d617665db",
    "autoload": "no"
},
{
    "option_id": "633",
    "option_name": "options_heading_font_family",
    "option_value": "927",
    "autoload": "no"
},
{
    "option_id": "634",
    "option_name": "_options_heading_font_family",
    "option_value": "field_5b68cfc4906fc",
    "autoload": "no"
},
{
    "option_id": "635",
    "option_name": "options_text_font_family",
    "option_value": "927",
    "autoload": "no"
},
{
    "option_id": "636",
    "option_name": "_options_text_font_family",
    "option_value": "field_5b68d188906fd",
    "autoload": "no"
},
{
    "option_id": "637",
    "option_name": "options_heading_font_size",
    "option_value": "",
    "autoload": "no"
},
{
    "option_id": "638",
    "option_name": "_options_heading_font_size",
    "option_value": "field_5b68d2bdef00b",
    "autoload": "no"
},
{
    "option_id": "639",
    "option_name": "options_heading_font_weight",
    "option_value": "",
    "autoload": "no"
},
{
    "option_id": "640",
    "option_name": "_options_heading_font_weight",
    "option_value": "field_62cf024555970",
    "autoload": "no"
},
{
    "option_id": "641",
    "option_name": "options_text_font_size",
    "option_value": "",
    "autoload": "no"
},
{
    "option_id": "642",
    "option_name": "_options_text_font_size",
    "option_value": "field_5b68d31eef00c",
    "autoload": "no"
},
{
    "option_id": "643",
    "option_name": "options_title_font_size",
    "option_value": "",
    "autoload": "no"
},
{
    "option_id": "644",
    "option_name": "_options_title_font_size",
    "option_value": "field_62c6be9f021dd",
    "autoload": "no"
},
{
    "option_id": "645",
    "option_name": "options_title_font_weight",
    "option_value": "600",
    "autoload": "no"
},
{
    "option_id": "646",
    "option_name": "_options_title_font_weight",
    "option_value": "field_62cf02205596f",
    "autoload": "no"
},
{
    "option_id": "647",
    "option_name": "options_subtitles_font_size",
    "option_value": "",
    "autoload": "no"
},
{
    "option_id": "648",
    "option_name": "_options_subtitles_font_size",
    "option_value": "field_62c6bf13021de",
    "autoload": "no"
},
{
    "option_id": "649",
    "option_name": "options_social_size",
    "option_value": "",
    "autoload": "no"
},
{
    "option_id": "650",
    "option_name": "_options_social_size",
    "option_value": "field_62c6bf5a021df",
    "autoload": "no"
},
{
    "option_id": "651",
    "option_name": "options_popup_elementor",
    "option_value": "0",
    "autoload": "no"
},
{
    "option_id": "652",
    "option_name": "_options_popup_elementor",
    "option_value": "field_62c95d4e0b545",
    "autoload": "no"
},
{
    "option_id": "653",
    "option_name": "options_portfolio_qv",
    "option_value": "0",
    "autoload": "no"
},
{
    "option_id": "654",
    "option_name": "_options_portfolio_qv",
    "option_value": "field_5c9b5ace134ea",
    "autoload": "no"
},
{
    "option_id": "655",
    "option_name": "options_portfolio_single",
    "option_value": "0",
    "autoload": "no"
},
{
    "option_id": "656",
    "option_name": "_options_portfolio_single",
    "option_value": "field_5bee34ca48ef0",
    "autoload": "no"
},
{
    "option_id": "657",
    "option_name": "options_blog_featured_img",
    "option_value": "0",
    "autoload": "no"
},
{
    "option_id": "658",
    "option_name": "_options_blog_featured_img",
    "option_value": "field_5b81b84430cbb",
    "autoload": "no"
},
{
    "option_id": "659",
    "option_name": "options_blog_categories",
    "option_value": "0",
    "autoload": "no"
},
{
    "option_id": "660",
    "option_name": "_options_blog_categories",
    "option_value": "field_5b81b6d930cb9",
    "autoload": "no"
},
{
    "option_id": "661",
    "option_name": "options_blog_excerpt",
    "option_value": "0",
    "autoload": "no"
},
{
    "option_id": "662",
    "option_name": "_options_blog_excerpt",
    "option_value": "field_5b81b7ca30cba",
    "autoload": "no"
},
{
    "option_id": "663",
    "option_name": "options_social_share",
    "option_value": "a:5:{i:0;s:8:\"facebook\";i:1;s:7:\"twitter\";i:2;s:8:\"linkedin\";i:3;s:6:\"reddit\";i:4;s:9:\"pinterest\";}",
    "autoload": "no"
},
{
    "option_id": "664",
    "option_name": "_options_social_share",
    "option_value": "field_5c9b53c33fe16",
    "autoload": "no"
},
{
    "option_id": "665",
    "option_name": "options_blog_subtitle",
    "option_value": "Latest Posts",
    "autoload": "no"
},
{
    "option_id": "666",
    "option_name": "_options_blog_subtitle",
    "option_value": "field_5b81b67430cb8",
    "autoload": "no"
},
{
    "option_id": "667",
    "option_name": "options_blog_post_subtitle",
    "option_value": "Blog Post",
    "autoload": "no"
},
{
    "option_id": "668",
    "option_name": "_options_blog_post_subtitle",
    "option_value": "field_5beb2c5cda438",
    "autoload": "no"
},
{
    "option_id": "669",
    "option_name": "options_disable_api",
    "option_value": "1",
    "autoload": "no"
},
{
    "option_id": "670",
    "option_name": "_options_disable_api",
    "option_value": "field_5daa2f6aa80b9",
    "autoload": "no"
},
{
    "option_id": "671",
    "option_name": "options_p404_content",
    "option_value": "",
    "autoload": "no"
},
{
    "option_id": "672",
    "option_name": "_options_p404_content",
    "option_value": "field_5d0ea7aed4e7b",
    "autoload": "no"
},
{
    "option_id": "673",
    "option_name": "options_custom_css",
    "option_value": "",
    "autoload": "no"
},
{
    "option_id": "674",
    "option_name": "_options_custom_css",
    "option_value": "field_5b75d8a199a5b",
    "autoload": "no"
},
{
    "option_id": "675",
    "option_name": "options_custom_js",
    "option_value": "",
    "autoload": "no"
},
{
    "option_id": "676",
    "option_name": "_options_custom_js",
    "option_value": "field_5b75d8b999a5c",
    "autoload": "no"
},
{
    "option_id": "677",
    "option_name": "options_preloader_type",
    "option_value": "simple-circle",
    "autoload": "no"
},
{
    "option_id": "678",
    "option_name": "_options_preloader_type",
    "option_value": "field_5daa19a3673ae",
    "autoload": "no"
},
{
    "option_id": "679",
    "option_name": "options_preloader_bgcolor",
    "option_value": "#1b2055",
    "autoload": "no"
},
{
    "option_id": "680",
    "option_name": "_options_preloader_bgcolor",
    "option_value": "field_62c954da257f7",
    "autoload": "no"
},
{
    "option_id": "681",
    "option_name": "options_preloader_hide",
    "option_value": "0",
    "autoload": "no"
},
{
    "option_id": "682",
    "option_name": "_options_preloader_hide",
    "option_value": "field_5daa11c0673ad",
    "autoload": "no"
},
{
    "option_id": "704",
    "option_name": "options_theme_bg_mono_color",
    "option_value": "#042eab",
    "autoload": "no"
},
{
    "option_id": "705",
    "option_name": "_options_theme_bg_mono_color",
    "option_value": "field_62c842675a22a",
    "autoload": "no"
},
{
    "option_id": "711",
    "option_name": "options_theme_bg_particles_bgcolor",
    "option_value": "#262b2e",
    "autoload": "no"
},
{
    "option_id": "712",
    "option_name": "_options_theme_bg_particles_bgcolor",
    "option_value": "field_62c893c56616e",
    "autoload": "no"
},
{
    "option_id": "713",
    "option_name": "options_theme_bg_particles_color1",
    "option_value": "#34a853",
    "autoload": "no"
},
{
    "option_id": "714",
    "option_name": "_options_theme_bg_particles_color1",
    "option_value": "field_62c893ef6616f",
    "autoload": "no"
},
{
    "option_id": "715",
    "option_name": "options_theme_bg_particles_color2",
    "option_value": "#755f93",
    "autoload": "no"
},
{
    "option_id": "716",
    "option_name": "_options_theme_bg_particles_color2",
    "option_value": "field_62c8941b66170",
    "autoload": "no"
},
{
    "option_id": "717",
    "option_name": "options_theme_bg_particles_color3",
    "option_value": "#c76c17",
    "autoload": "no"
},
{
    "option_id": "718",
    "option_name": "_options_theme_bg_particles_color3",
    "option_value": "field_62c8943b66171",
    "autoload": "no"
},
{
    "option_id": "719",
    "option_name": "options_theme_bg_particles_color4",
    "option_value": "#c23e37",
    "autoload": "no"
},
{
    "option_id": "720",
    "option_name": "_options_theme_bg_particles_color4",
    "option_value": "field_62c8944966172",
    "autoload": "no"
},
{
    "option_id": "721",
    "option_name": "options_theme_bg_particles_color5",
    "option_value": "#00acd4",
    "autoload": "no"
},
{
    "option_id": "722",
    "option_name": "_options_theme_bg_particles_color5",
    "option_value": "field_62c8945966173",
    "autoload": "no"
},
{
    "option_id": "723",
    "option_name": "options_theme_bg_waves_bgcolor",
    "option_value": "#1b2055",
    "autoload": "no"
},
{
    "option_id": "724",
    "option_name": "_options_theme_bg_waves_bgcolor",
    "option_value": "field_62c8aae67fe94",
    "autoload": "no"
},
{
    "option_id": "725",
    "option_name": "options_theme_bg_waves_color1",
    "option_value": "#c0d1eb",
    "autoload": "no"
},
{
    "option_id": "726",
    "option_name": "_options_theme_bg_waves_color1",
    "option_value": "field_62c8ab2c7fe95",
    "autoload": "no"
},
{
    "option_id": "727",
    "option_name": "options_theme_bg_waves_color2",
    "option_value": "#f1ff00",
    "autoload": "no"
},
{
    "option_id": "728",
    "option_name": "_options_theme_bg_waves_color2",
    "option_value": "field_62c8ab837fe96",
    "autoload": "no"
}

]
}
