{
  "name": "sysadmin",
  "data": [

{
    "option_id": "468",
    "option_name": "options_vcard_social_0_icon",
    "option_value": "fab fa-linkedin",
    "autoload": "no"
},
{
    "option_id": "469",
    "option_name": "_options_vcard_social_0_icon",
    "option_value": "field_5bb0de9a64446",
    "autoload": "no"
},
{
    "option_id": "470",
    "option_name": "options_vcard_social_0_url",
    "option_value": "https:\/\/www.linkedin.com\/",
    "autoload": "no"
},
{
    "option_id": "471",
    "option_name": "_options_vcard_social_0_url",
    "option_value": "field_5bb0dec864447",
    "autoload": "no"
},
{
    "option_id": "472",
    "option_name": "options_vcard_social_1_icon",
    "option_value": "fab fa-reddit-alien",
    "autoload": "no"
},
{
    "option_id": "473",
    "option_name": "_options_vcard_social_1_icon",
    "option_value": "field_5bb0de9a64446",
    "autoload": "no"
},
{
    "option_id": "474",
    "option_name": "options_vcard_social_1_url",
    "option_value": "https:\/\/reddit.com\/",
    "autoload": "no"
},
{
    "option_id": "475",
    "option_name": "_options_vcard_social_1_url",
    "option_value": "field_5bb0dec864447",
    "autoload": "no"
},
{
    "option_id": "476",
    "option_name": "options_vcard_social_2_icon",
    "option_value": "fab fa-twitter",
    "autoload": "no"
},
{
    "option_id": "477",
    "option_name": "_options_vcard_social_2_icon",
    "option_value": "field_5bb0de9a64446",
    "autoload": "no"
},
{
    "option_id": "478",
    "option_name": "options_vcard_social_2_url",
    "option_value": "https:\/\/twitter.com\/",
    "autoload": "no"
},
{
    "option_id": "479",
    "option_name": "_options_vcard_social_2_url",
    "option_value": "field_5bb0dec864447",
    "autoload": "no"
},
{
    "option_id": "480",
    "option_name": "options_vcard_social_3_icon",
    "option_value": "fab fa-stack-overflow",
    "autoload": "no"
},
{
    "option_id": "481",
    "option_name": "_options_vcard_social_3_icon",
    "option_value": "field_5bb0de9a64446",
    "autoload": "no"
},
{
    "option_id": "482",
    "option_name": "options_vcard_social_3_url",
    "option_value": "https:\/\/stackoverflow.com\/",
    "autoload": "no"
},
{
    "option_id": "483",
    "option_name": "_options_vcard_social_3_url",
    "option_value": "field_5bb0dec864447",
    "autoload": "no"
},
{
    "option_id": "484",
    "option_name": "options_vcard_social_4_icon",
    "option_value": "fab fa-github",
    "autoload": "no"
},
{
    "option_id": "485",
    "option_name": "_options_vcard_social_4_icon",
    "option_value": "field_5bb0de9a64446",
    "autoload": "no"
},
{
    "option_id": "486",
    "option_name": "options_vcard_social_4_url",
    "option_value": "https:\/\/github.com\/",
    "autoload": "no"
},
{
    "option_id": "487",
    "option_name": "_options_vcard_social_4_url",
    "option_value": "field_5bb0dec864447",
    "autoload": "no"
},
{
    "option_id": "488",
    "option_name": "options_vcard_social",
    "option_value": "5",
    "autoload": "no"
},
{
    "option_id": "489",
    "option_name": "_options_vcard_social",
    "option_value": "field_5bb0de8264445",
    "autoload": "no"
},
{
    "option_id": "490",
    "option_name": "options_vcard_title",
    "option_value": "Nathanial Ryan",
    "autoload": "no"
},
{
    "option_id": "491",
    "option_name": "_options_vcard_title",
    "option_value": "field_5bb0de5464443",
    "autoload": "no"
},
{
    "option_id": "492",
    "option_name": "options_vcard_subtitle",
    "option_value": "Web Designer",
    "autoload": "no"
},
{
    "option_id": "493",
    "option_name": "_options_vcard_subtitle",
    "option_value": "field_5bb0de7364444",
    "autoload": "no"
},
{
    "option_id": "494",
    "option_name": "options_theme_bg_type",
    "option_value": "6",
    "autoload": "no"
},
{
    "option_id": "495",
    "option_name": "_options_theme_bg_type",
    "option_value": "field_5beb53bf79fa8",
    "autoload": "no"
},
{
    "option_id": "496",
    "option_name": "options_theme_bg",
    "option_value": "",
    "autoload": "no"
},
{
    "option_id": "497",
    "option_name": "_options_theme_bg",
    "option_value": "field_5beb5d2d9bb11",
    "autoload": "no"
},
{
    "option_id": "498",
    "option_name": "options_vcard_subtitle_type",
    "option_value": "2",
    "autoload": "no"
},
{
    "option_id": "499",
    "option_name": "_options_vcard_subtitle_type",
    "option_value": "field_5bf25dce1fc31",
    "autoload": "no"
},
{
    "option_id": "500",
    "option_name": "options_vcard_subtitles_0_text",
    "option_value": "System Administrator",
    "autoload": "no"
},
{
    "option_id": "501",
    "option_name": "_options_vcard_subtitles_0_text",
    "option_value": "field_5bf25e451fc34",
    "autoload": "no"
},
{
    "option_id": "502",
    "option_name": "options_vcard_subtitles_1_text",
    "option_value": "Systems Engineer",
    "autoload": "no"
},
{
    "option_id": "503",
    "option_name": "_options_vcard_subtitles_1_text",
    "option_value": "field_5bf25e451fc34",
    "autoload": "no"
},
{
    "option_id": "504",
    "option_name": "options_vcard_subtitles_2_text",
    "option_value": "Data scientist",
    "autoload": "no"
},
{
    "option_id": "505",
    "option_name": "_options_vcard_subtitles_2_text",
    "option_value": "field_5bf25e451fc34",
    "autoload": "no"
},
{
    "option_id": "506",
    "option_name": "options_vcard_subtitles_3_text",
    "option_value": "Computer Engineer",
    "autoload": "no"
},
{
    "option_id": "507",
    "option_name": "_options_vcard_subtitles_3_text",
    "option_value": "field_5bf25e451fc34",
    "autoload": "no"
},
{
    "option_id": "508",
    "option_name": "options_vcard_subtitles",
    "option_value": "5",
    "autoload": "no"
},
{
    "option_id": "509",
    "option_name": "_options_vcard_subtitles",
    "option_value": "field_5bf25e291fc33",
    "autoload": "no"
},
{
    "option_id": "510",
    "option_name": "options_simple_vcard",
    "option_value": "0",
    "autoload": "no"
},
{
    "option_id": "511",
    "option_name": "_options_simple_vcard",
    "option_value": "field_5cb0c69578340",
    "autoload": "no"
},
{
    "option_id": "512",
    "option_name": "options_sticky_menu",
    "option_value": "1",
    "autoload": "no"
},
{
    "option_id": "513",
    "option_name": "_options_sticky_menu",
    "option_value": "field_5bc924b819f83",
    "autoload": "no"
},
{
    "option_id": "514",
    "option_name": "options_onepage",
    "option_value": "1",
    "autoload": "no"
},
{
    "option_id": "515",
    "option_name": "_options_onepage",
    "option_value": "field_5bc9149ea45bf",
    "autoload": "no"
},
{
    "option_id": "516",
    "option_name": "options_vcard_bg",
    "option_value": "135",
    "autoload": "no"
},
{
    "option_id": "517",
    "option_name": "_options_vcard_bg",
    "option_value": "field_5bb0d92348dd3",
    "autoload": "no"
},
{
    "option_id": "518",
    "option_name": "options_vcard_photo",
    "option_value": "134",
    "autoload": "no"
},
{
    "option_id": "519",
    "option_name": "_options_vcard_photo",
    "option_value": "field_5bb0de38020c0",
    "autoload": "no"
},
{
    "option_id": "520",
    "option_name": "options_vcard_bts",
    "option_value": "2",
    "autoload": "no"
},
{
    "option_id": "521",
    "option_name": "_options_vcard_bts",
    "option_value": "field_5bb0ebd1519a0",
    "autoload": "no"
},
{
    "option_id": "522",
    "option_name": "options_vcard_bts_0_text",
    "option_value": "Download CV",
    "autoload": "no"
},
{
    "option_id": "523",
    "option_name": "_options_vcard_bts_0_text",
    "option_value": "field_5bb10b753eacd",
    "autoload": "no"
},
{
    "option_id": "524",
    "option_name": "options_vcard_bts_0_icon",
    "option_value": "322",
    "autoload": "no"
},
{
    "option_id": "525",
    "option_name": "_options_vcard_bts_0_icon",
    "option_value": "field_5bb10b833eace",
    "autoload": "no"
},
{
    "option_id": "526",
    "option_name": "options_vcard_bts_0_url",
    "option_value": "a:3:{s:5:\"title\";s:0:\"\";s:3:\"url\";s:101:\"https:\/\/bslthemes.com\/ryancv\/system-demo\/wp-content\/uploads\/2022\/07\/Dublin-Resume-Template-Modern.pdf\";s:6:\"target\";s:6:\"_blank\";}",
    "autoload": "no"
},
{
    "option_id": "527",
    "option_name": "_options_vcard_bts_0_url",
    "option_value": "field_5bb10b923eacf",
    "autoload": "no"
},
{
    "option_id": "528",
    "option_name": "options_vcard_bts_1_text",
    "option_value": "Contact Me",
    "autoload": "no"
},
{
    "option_id": "529",
    "option_name": "_options_vcard_bts_1_text",
    "option_value": "field_5bb10b753eacd",
    "autoload": "no"
},
{
    "option_id": "530",
    "option_name": "options_vcard_bts_1_icon",
    "option_value": "429",
    "autoload": "no"
},
{
    "option_id": "531",
    "option_name": "_options_vcard_bts_1_icon",
    "option_value": "field_5bb10b833eace",
    "autoload": "no"
},
{
    "option_id": "532",
    "option_name": "options_vcard_bts_1_url",
    "option_value": "a:3:{s:5:\"title\";s:0:\"\";s:3:\"url\";s:28:\"\/ryancv\/system-demo\/#contact\";s:6:\"target\";s:0:\"\";}",
    "autoload": "no"
},
{
    "option_id": "533",
    "option_name": "_options_vcard_bts_1_url",
    "option_value": "field_5bb10b923eacf",
    "autoload": "no"
},
{
    "option_id": "534",
    "option_name": "options_theme_bg_color1",
    "option_value": "#50a3a2",
    "autoload": "no"
},
{
    "option_id": "535",
    "option_name": "_options_theme_bg_color1",
    "option_value": "field_5beb54b479fa9",
    "autoload": "no"
},
{
    "option_id": "536",
    "option_name": "options_theme_bg_color2",
    "option_value": "#78cc6d",
    "autoload": "no"
},
{
    "option_id": "537",
    "option_name": "_options_theme_bg_color2",
    "option_value": "field_5beb554079fab",
    "autoload": "no"
},
{
    "option_id": "538",
    "option_name": "options_theme_color",
    "option_value": "#a4ff91",
    "autoload": "no"
},
{
    "option_id": "539",
    "option_name": "_options_theme_color",
    "option_value": "field_5b68d509665d9",
    "autoload": "no"
},
{
    "option_id": "540",
    "option_name": "options_theme_ui",
    "option_value": "1",
    "autoload": "no"
},
{
    "option_id": "541",
    "option_name": "_options_theme_ui",
    "option_value": "field_5bf64250c9820",
    "autoload": "no"
},
{
    "option_id": "542",
    "option_name": "options_theme_style",
    "option_value": "1",
    "autoload": "no"
},
{
    "option_id": "543",
    "option_name": "_options_theme_style",
    "option_value": "field_5bf6a3372280a",
    "autoload": "no"
},
{
    "option_id": "544",
    "option_name": "options_sidebar_disable",
    "option_value": "0",
    "autoload": "no"
},
{
    "option_id": "545",
    "option_name": "_options_sidebar_disable",
    "option_value": "field_5b74a0eb27c4c",
    "autoload": "no"
},
{
    "option_id": "569",
    "option_name": "options_ryan_cursor",
    "option_value": "0",
    "autoload": "no"
},
{
    "option_id": "570",
    "option_name": "_options_ryan_cursor",
    "option_value": "field_62c952ff2f02a",
    "autoload": "no"
},
{
    "option_id": "571",
    "option_name": "options_mobile_vcard",
    "option_value": "0",
    "autoload": "no"
},
{
    "option_id": "572",
    "option_name": "_options_mobile_vcard",
    "option_value": "field_5bec8b62d390d",
    "autoload": "no"
},
{
    "option_id": "573",
    "option_name": "options_vcard_img_layout",
    "option_value": "4",
    "autoload": "no"
},
{
    "option_id": "574",
    "option_name": "_options_vcard_img_layout",
    "option_value": "field_62c5bfc693f1b",
    "autoload": "no"
},
{
    "option_id": "575",
    "option_name": "options_vcard_bg_type",
    "option_value": "1",
    "autoload": "no"
},
{
    "option_id": "576",
    "option_name": "_options_vcard_bg_type",
    "option_value": "field_5e91db8845899",
    "autoload": "no"
},
{
    "option_id": "577",
    "option_name": "options_vcard_bg_images",
    "option_value": "",
    "autoload": "no"
},
{
    "option_id": "578",
    "option_name": "_options_vcard_bg_images",
    "option_value": "field_62c800d414db3",
    "autoload": "no"
},
{
    "option_id": "579",
    "option_name": "options_vcard_bts_style",
    "option_value": "0",
    "autoload": "no"
},
{
    "option_id": "580",
    "option_name": "_options_vcard_bts_style",
    "option_value": "field_62c69117d46e0",
    "autoload": "no"
},
{
    "option_id": "581",
    "option_name": "options_theme_ui_dark",
    "option_value": "#1d252c",
    "autoload": "no"
},
{
    "option_id": "582",
    "option_name": "_options_theme_ui_dark",
    "option_value": "field_62c81635a38a6",
    "autoload": "no"
},
{
    "option_id": "583",
    "option_name": "options_layout_type",
    "option_value": "0",
    "autoload": "no"
},
{
    "option_id": "584",
    "option_name": "_options_layout_type",
    "option_value": "field_62c5d3f21dabc",
    "autoload": "no"
},
{
    "option_id": "585",
    "option_name": "options_menu_type",
    "option_value": "0",
    "autoload": "no"
},
{
    "option_id": "586",
    "option_name": "_options_menu_type",
    "option_value": "field_62c5ef95e5178",
    "autoload": "no"
},
{
    "option_id": "587",
    "option_name": "options_icons_type",
    "option_value": "3",
    "autoload": "no"
},
{
    "option_id": "588",
    "option_name": "_options_icons_type",
    "option_value": "field_62c68ce508bf1",
    "autoload": "no"
},
{
    "option_id": "589",
    "option_name": "options_fa_version",
    "option_value": "1",
    "autoload": "no"
},
{
    "option_id": "590",
    "option_name": "_options_fa_version",
    "option_value": "field_61b8f0f4e054f",
    "autoload": "no"
},
{
    "option_id": "591",
    "option_name": "options_theme_bg_mono_color",
    "option_value": "#e8e8e8",
    "autoload": "no"
},
{
    "option_id": "592",
    "option_name": "_options_theme_bg_mono_color",
    "option_value": "field_62c842675a22a",
    "autoload": "no"
},
{
    "option_id": "593",
    "option_name": "options_theme_animation",
    "option_value": "2",
    "autoload": "no"
},
{
    "option_id": "594",
    "option_name": "_options_theme_animation",
    "option_value": "field_5beb571f79fae",
    "autoload": "no"
},
{
    "option_id": "595",
    "option_name": "options_heading_color",
    "option_value": "",
    "autoload": "no"
},
{
    "option_id": "596",
    "option_name": "_options_heading_color",
    "option_value": "field_5b68d5d8665da",
    "autoload": "no"
},
{
    "option_id": "597",
    "option_name": "options_text_color",
    "option_value": "",
    "autoload": "no"
},
{
    "option_id": "598",
    "option_name": "_options_text_color",
    "option_value": "field_5b68d617665db",
    "autoload": "no"
},
{
    "option_id": "599",
    "option_name": "options_heading_font_family",
    "option_value": "929",
    "autoload": "no"
},
{
    "option_id": "600",
    "option_name": "_options_heading_font_family",
    "option_value": "field_5b68cfc4906fc",
    "autoload": "no"
},
{
    "option_id": "601",
    "option_name": "options_text_font_family",
    "option_value": "929",
    "autoload": "no"
},
{
    "option_id": "602",
    "option_name": "_options_text_font_family",
    "option_value": "field_5b68d188906fd",
    "autoload": "no"
},
{
    "option_id": "603",
    "option_name": "options_heading_font_size",
    "option_value": "",
    "autoload": "no"
},
{
    "option_id": "604",
    "option_name": "_options_heading_font_size",
    "option_value": "field_5b68d2bdef00b",
    "autoload": "no"
},
{
    "option_id": "605",
    "option_name": "options_heading_font_weight",
    "option_value": "",
    "autoload": "no"
},
{
    "option_id": "606",
    "option_name": "_options_heading_font_weight",
    "option_value": "field_62cf024555970",
    "autoload": "no"
},
{
    "option_id": "607",
    "option_name": "options_text_font_size",
    "option_value": "",
    "autoload": "no"
},
{
    "option_id": "608",
    "option_name": "_options_text_font_size",
    "option_value": "field_5b68d31eef00c",
    "autoload": "no"
},
{
    "option_id": "609",
    "option_name": "options_title_font_size",
    "option_value": "",
    "autoload": "no"
},
{
    "option_id": "610",
    "option_name": "_options_title_font_size",
    "option_value": "field_62c6be9f021dd",
    "autoload": "no"
},
{
    "option_id": "611",
    "option_name": "options_title_font_weight",
    "option_value": "",
    "autoload": "no"
},
{
    "option_id": "612",
    "option_name": "_options_title_font_weight",
    "option_value": "field_62cf02205596f",
    "autoload": "no"
},
{
    "option_id": "613",
    "option_name": "options_subtitles_font_size",
    "option_value": "",
    "autoload": "no"
},
{
    "option_id": "614",
    "option_name": "_options_subtitles_font_size",
    "option_value": "field_62c6bf13021de",
    "autoload": "no"
},
{
    "option_id": "615",
    "option_name": "options_social_size",
    "option_value": "",
    "autoload": "no"
},
{
    "option_id": "616",
    "option_name": "_options_social_size",
    "option_value": "field_62c6bf5a021df",
    "autoload": "no"
},
{
    "option_id": "617",
    "option_name": "options_popup_elementor",
    "option_value": "0",
    "autoload": "no"
},
{
    "option_id": "618",
    "option_name": "_options_popup_elementor",
    "option_value": "field_62c95d4e0b545",
    "autoload": "no"
},
{
    "option_id": "619",
    "option_name": "options_portfolio_qv",
    "option_value": "0",
    "autoload": "no"
},
{
    "option_id": "620",
    "option_name": "_options_portfolio_qv",
    "option_value": "field_5c9b5ace134ea",
    "autoload": "no"
},
{
    "option_id": "621",
    "option_name": "options_portfolio_single",
    "option_value": "0",
    "autoload": "no"
},
{
    "option_id": "622",
    "option_name": "_options_portfolio_single",
    "option_value": "field_5bee34ca48ef0",
    "autoload": "no"
},
{
    "option_id": "623",
    "option_name": "options_blog_featured_img",
    "option_value": "0",
    "autoload": "no"
},
{
    "option_id": "624",
    "option_name": "_options_blog_featured_img",
    "option_value": "field_5b81b84430cbb",
    "autoload": "no"
},
{
    "option_id": "625",
    "option_name": "options_blog_categories",
    "option_value": "0",
    "autoload": "no"
},
{
    "option_id": "626",
    "option_name": "_options_blog_categories",
    "option_value": "field_5b81b6d930cb9",
    "autoload": "no"
},
{
    "option_id": "627",
    "option_name": "options_blog_excerpt",
    "option_value": "0",
    "autoload": "no"
},
{
    "option_id": "628",
    "option_name": "_options_blog_excerpt",
    "option_value": "field_5b81b7ca30cba",
    "autoload": "no"
},
{
    "option_id": "629",
    "option_name": "options_social_share",
    "option_value": "a:5:{i:0;s:8:\"facebook\";i:1;s:7:\"twitter\";i:2;s:8:\"linkedin\";i:3;s:6:\"reddit\";i:4;s:9:\"pinterest\";}",
    "autoload": "no"
},
{
    "option_id": "630",
    "option_name": "_options_social_share",
    "option_value": "field_5c9b53c33fe16",
    "autoload": "no"
},
{
    "option_id": "631",
    "option_name": "options_blog_subtitle",
    "option_value": "Latest Posts",
    "autoload": "no"
},
{
    "option_id": "632",
    "option_name": "_options_blog_subtitle",
    "option_value": "field_5b81b67430cb8",
    "autoload": "no"
},
{
    "option_id": "633",
    "option_name": "options_blog_post_subtitle",
    "option_value": "Blog Post",
    "autoload": "no"
},
{
    "option_id": "634",
    "option_name": "_options_blog_post_subtitle",
    "option_value": "field_5beb2c5cda438",
    "autoload": "no"
},
{
    "option_id": "635",
    "option_name": "options_disable_api",
    "option_value": "1",
    "autoload": "no"
},
{
    "option_id": "636",
    "option_name": "_options_disable_api",
    "option_value": "field_5daa2f6aa80b9",
    "autoload": "no"
},
{
    "option_id": "637",
    "option_name": "options_p404_content",
    "option_value": "",
    "autoload": "no"
},
{
    "option_id": "638",
    "option_name": "_options_p404_content",
    "option_value": "field_5d0ea7aed4e7b",
    "autoload": "no"
},
{
    "option_id": "639",
    "option_name": "options_custom_css",
    "option_value": "",
    "autoload": "no"
},
{
    "option_id": "640",
    "option_name": "_options_custom_css",
    "option_value": "field_5b75d8a199a5b",
    "autoload": "no"
},
{
    "option_id": "641",
    "option_name": "options_custom_js",
    "option_value": "",
    "autoload": "no"
},
{
    "option_id": "642",
    "option_name": "_options_custom_js",
    "option_value": "field_5b75d8b999a5c",
    "autoload": "no"
},
{
    "option_id": "643",
    "option_name": "options_preloader_type",
    "option_value": "quantum-spinner",
    "autoload": "no"
},
{
    "option_id": "644",
    "option_name": "_options_preloader_type",
    "option_value": "field_5daa19a3673ae",
    "autoload": "no"
},
{
    "option_id": "645",
    "option_name": "options_preloader_bgcolor",
    "option_value": "#0b1115",
    "autoload": "no"
},
{
    "option_id": "646",
    "option_name": "_options_preloader_bgcolor",
    "option_value": "field_62c954da257f7",
    "autoload": "no"
},
{
    "option_id": "647",
    "option_name": "options_preloader_hide",
    "option_value": "0",
    "autoload": "no"
},
{
    "option_id": "648",
    "option_name": "_options_preloader_hide",
    "option_value": "field_5daa11c0673ad",
    "autoload": "no"
},
{
    "option_id": "668",
    "option_name": "options_theme_bg_particles_bgcolor",
    "option_value": "#0b1115",
    "autoload": "no"
},
{
    "option_id": "669",
    "option_name": "_options_theme_bg_particles_bgcolor",
    "option_value": "field_62c893c56616e",
    "autoload": "no"
},
{
    "option_id": "670",
    "option_name": "options_theme_bg_particles_color1",
    "option_value": "#b068de",
    "autoload": "no"
},
{
    "option_id": "671",
    "option_name": "_options_theme_bg_particles_color1",
    "option_value": "field_62c893ef6616f",
    "autoload": "no"
},
{
    "option_id": "672",
    "option_name": "options_theme_bg_particles_color2",
    "option_value": "#ffffff",
    "autoload": "no"
},
{
    "option_id": "673",
    "option_name": "_options_theme_bg_particles_color2",
    "option_value": "field_62c8941b66170",
    "autoload": "no"
},
{
    "option_id": "674",
    "option_name": "options_theme_bg_particles_color3",
    "option_value": "#179870",
    "autoload": "no"
},
{
    "option_id": "675",
    "option_name": "_options_theme_bg_particles_color3",
    "option_value": "field_62c8943b66171",
    "autoload": "no"
},
{
    "option_id": "676",
    "option_name": "options_theme_bg_particles_color4",
    "option_value": "#449ff6",
    "autoload": "no"
},
{
    "option_id": "677",
    "option_name": "_options_theme_bg_particles_color4",
    "option_value": "field_62c8944966172",
    "autoload": "no"
},
{
    "option_id": "678",
    "option_name": "options_theme_bg_particles_color5",
    "option_value": "#ffb626",
    "autoload": "no"
},
{
    "option_id": "679",
    "option_name": "_options_theme_bg_particles_color5",
    "option_value": "field_62c8945966173",
    "autoload": "no"
},
{
    "option_id": "704",
    "option_name": "options_vcard_bg_video",
    "option_value": "140",
    "autoload": "no"
},
{
    "option_id": "705",
    "option_name": "_options_vcard_bg_video",
    "option_value": "field_5e91db7645898",
    "autoload": "no"
},
{
    "option_id": "1141",
    "option_name": "options_theme_bg_spiral_bgcolor",
    "option_value": "#0b1115",
    "autoload": "no"
},
{
    "option_id": "1142",
    "option_name": "_options_theme_bg_spiral_bgcolor",
    "option_value": "field_62c8a792f7ad2",
    "autoload": "no"
},
{
    "option_id": "1143",
    "option_name": "options_theme_bg_spiral_color",
    "option_value": "#a4ff91",
    "autoload": "no"
},
{
    "option_id": "1144",
    "option_name": "_options_theme_bg_spiral_color",
    "option_value": "field_62c8a7b4f7ad3",
    "autoload": "no"
},
{
    "option_id": "1157",
    "option_name": "options_theme_bg_boxes_bgcolor",
    "option_value": "#0b1115",
    "autoload": "no"
},
{
    "option_id": "1158",
    "option_name": "_options_theme_bg_boxes_bgcolor",
    "option_value": "field_62c8ad9ed6bed",
    "autoload": "no"
},
{
    "option_id": "1159",
    "option_name": "options_theme_bg_boxes_color",
    "option_value": "#a4ff91",
    "autoload": "no"
},
{
    "option_id": "1160",
    "option_name": "_options_theme_bg_boxes_color",
    "option_value": "field_62c8adc2d6bee",
    "autoload": "no"
},
{
    "option_id": "1184",
    "option_name": "options_theme_bg_color1_d",
    "option_value": "#0b1115",
    "autoload": "no"
},
{
    "option_id": "1185",
    "option_name": "_options_theme_bg_color1_d",
    "option_value": "field_62c82eb460680",
    "autoload": "no"
},
{
    "option_id": "1186",
    "option_name": "options_theme_bg_color2_d",
    "option_value": "#1d252c",
    "autoload": "no"
},
{
    "option_id": "1187",
    "option_name": "_options_theme_bg_color2_d",
    "option_value": "field_62c830a260684",
    "autoload": "no"
},
{
    "option_id": "1283",
    "option_name": "options_theme_bg_snake_bg_color",
    "option_value": "#0b1115",
    "autoload": "no"
},
{
    "option_id": "1284",
    "option_name": "_options_theme_bg_snake_bg_color",
    "option_value": "field_62c842675a22a",
    "autoload": "no"
},
{
    "option_id": "1285",
    "option_name": "options_theme_bg_snake_line_color",
    "option_value": "#a4ff91",
    "autoload": "no"
},
{
    "option_id": "1286",
    "option_name": "_options_theme_bg_snake_line_color",
    "option_value": "field_62d322ca8140e",
    "autoload": "no"
},
{
    "option_id": "1414",
    "option_name": "options_vcard_photo_radius",
    "option_value": "10",
    "autoload": "no"
},
{
    "option_id": "1415",
    "option_name": "_options_vcard_photo_radius",
    "option_value": "field_62d335511f38b",
    "autoload": "no"
},
{
    "option_id": "2037",
    "option_name": "options_vcard_subtitles_4_text",
    "option_value": "Cyber Security",
    "autoload": "no"
},
{
    "option_id": "2038",
    "option_name": "_options_vcard_subtitles_4_text",
    "option_value": "field_5bf25e451fc34",
    "autoload": "no"
}

]
}
