{
    "key": "group_5bb0c9950b56e",
    "title": "Menu Item fields",
    "fields": [
        {
            "key": "field_62c5e12941f00",
            "label": "Menu Icons Type:",
            "name": "menu_icons",
            "aria-label": "",
            "type": "radio",
            "instructions": "",
            "required": 0,
            "conditional_logic": 0,
            "wrapper": {
                "width": "",
                "class": "",
                "id": ""
            },
            "choices": [
                "Ionicons",
                "FontAwesome"
            ],
            "allow_null": 0,
            "other_choice": 0,
            "default_value": 0,
            "layout": "horizontal",
            "return_format": "value",
            "save_other_choice": 0
        },
        {
            "key": "field_5bb0c9c725e9b",
            "label": "Icon (Ionicons)",
            "name": "icon",
            "aria-label": "",
            "type": "ionicons",
            "instructions": "",
            "required": 0,
            "conditional_logic": [
                [
                    {
                        "field": "field_62c5e12941f00",
                        "operator": "==",
                        "value": "0"
                    }
                ]
            ],
            "wrapper": {
                "width": "",
                "class": "",
                "id": ""
            },
            "font_size": 14
        },
        {
            "key": "field_62c5e10d41eff",
            "label": "Icon (FontAwesome)",
            "name": "icon",
            "aria-label": "",
            "type": "font_awesome_font",
            "instructions": "",
            "required": 0,
            "conditional_logic": [
                [
                    {
                        "field": "field_62c5e12941f00",
                        "operator": "==",
                        "value": "1"
                    }
                ]
            ],
            "wrapper": {
                "width": "",
                "class": "",
                "id": ""
            },
            "font_size": 14
        }
    ],
    "location": [
        [
            {
                "param": "nav_menu_item",
                "operator": "==",
                "value": "all"
            }
        ]
    ],
    "menu_order": 0,
    "position": "normal",
    "style": "default",
    "label_placement": "top",
    "instruction_placement": "label",
    "hide_on_screen": "",
    "active": true,
    "description": "",
    "show_in_rest": 0,
    "modified": 1703703691
}
